area_sqft,bedrooms,bathrooms,stories,age_years,garage,distance_to_city_km,location_score,price
2098,3,3.0,2,30,2.0,6.4,6,391988
1717,3,3.0,1,16,1.0,18.5,5,299379
2189,3,3.0,1,46,2.0,15.7,6,345737
2714,4,3.0,2,8,1.0,28.7,3,413206
1660,5,2.0,1,9,0.0,3.2,5,364984
1660,5,,3,7,0.0,38.9,2,253647
2748,2,1.0,3,20,2.0,1.1,7,476911
2260,5,2.0,1,12,2.0,24.3,3,328016
1518,5,2.0,2,49,0.0,22.7,1,237877
2126,3,3.0,3,4,0.0,5.8,8,437527
1522,3,2.0,2,5,1.0,6.5,8,390133
1521,2,3.0,3,29,0.0,31.8,3,254784
1945,1,1.0,1,30,2.0,35.6,7,284053
652,2,3.0,2,16,0.0,11.7,9,180961
765,2,2.0,2,10,2.0,17.8,8,236961
1463,4,1.0,2,19,2.0,14.5,3,261451
1192,4,3.0,3,47,1.0,3.4,2,239080
1989,2,1.0,3,8,1.0,27.1,10,351784
1255,2,1.0,3,1,1.0,33.1,7,247750
953,2,2.0,1,36,1.0,12.5,7,170600
2679,5,,3,0,0.0,39.6,9,424954
1665,4,2.0,1,3,1.0,3.5,5,310118
1841,2,1.0,2,35,0.0,26.6,4,287221
945,3,3.0,2,24,1.0,18.2,8,220829
1473,3,1.0,1,2,1.0,18.1,4,307242
1867,5,3.0,3,8,2.0,18.6,4,334485
1109,5,3.0,1,21,0.0,10.7,2,280550
2025,1,1.0,2,22,2.0,28.8,1,222382
1440,1,3.0,2,11,1.0,29.0,4,254958
1625,1,1.0,1,9,0.0,11.7,7,301381
1439,5,1.0,3,33,1.0,33.5,9,256449
2911,5,3.0,3,42,2.0,13.0,9,489268
1792,5,3.0,1,9,0.0,29.1,10,358684
1165,3,2.0,1,29,2.0,5.3,1,221071
2294,5,3.0,3,21,1.0,7.2,5,392167
1067,3,2.0,2,5,1.0,13.0,7,276771
1925,1,3.0,1,49,1.0,24.0,7,301994
624,1,1.0,3,1,0.0,26.0,10,220487
1003,1,3.0,3,29,2.0,16.2,6,200477
1918,2,1.0,2,1,2.0,3.6,10,393679
2243,2,1.0,2,31,1.0,15.3,4,375435
1903,4,1.0,2,41,2.0,27.7,3,260228
1731,4,2.0,2,15,0.0,27.0,9,301855
1619,4,3.0,2,11,1.0,6.8,10,361405
913,2,1.0,1,0,1.0,0.8,4,180936
1368,2,1.0,3,7,1.0,30.2,8,315329
1524,4,2.0,1,47,0.0,4.7,1,233413
2434,4,3.0,1,49,1.0,3.8,7,407556
2006,5,3.0,1,12,1.0,0.6,6,418594
742,4,2.0,1,14,1.0,17.6,1,143941
1994,5,2.0,1,43,1.0,20.4,4,311667
1569,3,3.0,2,7,2.0,25.7,5,279644
1394,2,2.0,2,9,1.0,12.2,8,259994
2167,4,3.0,3,45,0.0,28.6,4,325967
2419,2,3.0,1,4,1.0,7.2,3,421492
2359,2,1.0,3,49,1.0,33.4,2,297889
1296,2,1.0,2,18,2.0,23.1,4,253739
1614,3,3.0,2,46,1.0,23.6,10,284596
1999,1,3.0,2,37,2.0,8.8,4,304521
2385,4,3.0,1,10,0.0,3.4,10,433741
1512,1,3.0,1,42,2.0,18.9,5,259578
1689,1,3.0,2,19,1.0,24.8,7,292367
1136,1,3.0,3,19,0.0,4.3,9,272986
1082,2,2.0,3,20,1.0,38.0,2,184529
2288,5,3.0,2,17,2.0,39.2,5,359538
2614,2,2.0,3,49,0.0,22.0,10,443473
1757,2,2.0,2,9,0.0,38.0,9,318565
2402,1,3.0,3,33,2.0,7.6,3,363019
2017,2,3.0,2,25,2.0,1.5,1,289492
1413,1,2.0,3,29,0.0,2.1,2,256948
2017,5,2.0,1,8,0.0,23.7,6,366334
2723,4,3.0,2,45,2.0,2.9,5,453113
1779,1,3.0,2,30,1.0,38.4,1,235951
2739,5,2.0,3,41,0.0,6.1,1,392368
400,4,2.0,2,3,2.0,12.5,4,170711
2293,3,2.0,2,5,1.0,33.0,4,344729
1852,1,1.0,2,13,0.0,9.1,6,354109
1621,1,2.0,1,3,0.0,10.1,6,297748
1855,3,1.0,1,25,2.0,25.9,10,329819
607,3,3.0,3,46,1.0,11.4,6,210356
1668,1,3.0,1,47,0.0,9.1,1,263499
2014,3,2.0,3,38,1.0,10.5,10,390611
2687,2,3.0,1,16,1.0,19.9,9,448941
1489,4,3.0,3,18,0.0,38.7,7,270004
1315,4,3.0,1,48,1.0,33.4,7,235429
1499,4,3.0,1,5,0.0,11.7,7,302893
2349,2,1.0,3,28,1.0,14.9,2,353513
1997,3,1.0,2,10,0.0,18.8,2,349710
1482,5,2.0,2,15,2.0,39.2,6,293671
2108,3,2.0,1,29,0.0,7.3,7,341310
1858,1,2.0,3,24,0.0,14.6,3,299836
2381,4,3.0,2,39,0.0,29.3,4,355537
1379,3,3.0,3,10,1.0,38.6,3,245746
1603,5,1.0,2,6,2.0,6.6,7,333545
1565,1,1.0,3,25,1.0,9.5,7,295130
922,2,2.0,1,21,1.0,9.4,4,222682
1978,2,1.0,3,24,0.0,1.3,7,333980
1957,5,1.0,2,18,1.0,24.4,5,324824
1803,1,1.0,1,30,0.0,27.0,1,218683
1659,4,1.0,3,25,2.0,24.3,10,365119
951,3,1.0,2,41,1.0,3.3,4,229905
1548,1,2.0,1,40,1.0,3.2,7,238983
1594,2,2.0,3,35,1.0,8.8,2,284547
1319,5,1.0,2,22,0.0,12.0,2,271960
1703,5,2.0,3,46,0.0,31.6,1,266502
2042,3,3.0,3,12,1.0,6.8,2,337857
2932,5,1.0,1,24,1.0,2.2,10,516098
1905,5,3.0,1,1,2.0,16.1,8,358390
1955,1,2.0,2,1,2.0,16.9,8,315849
1755,4,2.0,1,15,2.0,18.3,8,340636
649,3,3.0,2,8,2.0,33.2,1,141816
1784,1,2.0,3,27,2.0,4.4,1,288653
1836,4,1.0,3,12,0.0,28.3,10,377606
3278,1,3.0,2,34,2.0,13.8,4,548509
1685,1,1.0,3,40,2.0,12.7,6,277134
1981,5,3.0,1,12,1.0,37.3,8,333519
1779,4,2.0,3,30,0.0,10.3,2,308682
1099,3,3.0,1,20,2.0,25.9,3,213591
2486,3,3.0,2,31,2.0,11.4,6,402969
2251,4,1.0,2,33,2.0,20.5,10,428412
2275,5,2.0,3,7,1.0,31.6,4,354018
1254,2,1.0,3,40,1.0,35.3,2,165318
2642,1,2.0,1,47,1.0,33.6,7,364485
959,5,1.0,1,1,2.0,23.5,4,201230
2152,4,3.0,3,37,,10.3,8,355719
3114,1,1.0,3,31,2.0,26.6,8,469358
1206,3,2.0,2,39,0.0,28.5,7,257987
1460,2,2.0,2,27,2.0,0.9,10,359566
1860,3,3.0,2,36,1.0,17.8,9,375697
1498,4,2.0,3,40,0.0,33.8,4,215063
870,1,1.0,3,0,2.0,19.8,7,228946
1841,4,3.0,3,40,0.0,12.8,10,332134
1163,1,2.0,2,9,0.0,34.9,10,251233
2084,5,2.0,3,3,0.0,6.7,1,395132
1248,2,1.0,1,34,2.0,8.7,4,263716
2730,5,1.0,3,9,1.0,27.7,2,459780
1330,5,3.0,3,46,2.0,14.4,9,332303
1607,4,2.0,3,10,1.0,28.7,5,308709
2288,2,1.0,3,13,2.0,6.7,3,395647
1061,1,3.0,3,37,2.0,10.5,4,229395
1936,1,2.0,1,11,2.0,6.7,6,330264
2584,3,2.0,1,44,1.0,38.1,10,360421
836,1,3.0,3,16,2.0,16.5,1,190160
1911,4,3.0,2,15,0.0,13.8,7,418397
1956,5,1.0,3,34,2.0,1.1,8,415619
2269,5,2.0,3,1,0.0,6.6,7,391333
1058,5,2.0,3,10,1.0,17.1,7,261255
1008,2,2.0,2,40,1.0,3.2,9,247201
2113,1,3.0,2,2,2.0,20.7,4,304367
1978,4,1.0,2,28,2.0,18.5,7,319051
1950,2,2.0,1,17,2.0,30.8,9,344604
2008,3,3.0,2,19,0.0,26.6,5,335542
1392,4,2.0,1,46,1.0,18.1,2,194815
1939,4,1.0,1,13,0.0,9.4,5,308388
1976,4,2.0,2,33,0.0,29.2,4,331417
1371,5,1.0,2,48,2.0,28.5,8,255113
2919,4,1.0,2,30,2.0,6.6,5,458518
2084,1,2.0,1,39,0.0,36.6,9,301400
1085,4,2.0,3,41,0.0,3.0,9,256481
2194,5,1.0,2,17,2.0,2.7,3,417530
1215,4,3.0,2,29,2.0,7.9,10,293877
2272,3,1.0,2,24,0.0,36.4,6,342927
2495,3,2.0,1,18,2.0,21.0,6,405877
1308,5,2.0,1,7,2.0,31.6,4,206471
2378,1,3.0,3,27,0.0,9.5,10,430837
2048,1,1.0,2,7,0.0,19.9,3,270025
2293,2,1.0,1,30,1.0,14.7,1,332096
2938,5,1.0,3,2,0.0,33.2,7,442310
1653,4,2.0,2,2,2.0,1.4,5,364493
1348,5,1.0,1,43,0.0,10.1,10,287096
1266,2,3.0,2,21,0.0,6.5,7,261407
1311,5,2.0,2,16,0.0,34.4,1,215469
1754,5,2.0,1,35,1.0,19.0,8,296700
2005,2,1.0,1,16,1.0,16.5,3,307732
1966,1,3.0,1,13,2.0,18.3,7,369396
2296,4,2.0,2,8,1.0,38.9,3,370086
1808,2,2.0,2,29,0.0,34.1,3,241142
2672,3,1.0,3,20,1.0,28.4,10,439136
1641,1,1.0,2,11,0.0,12.0,9,284786
3432,3,3.0,1,36,1.0,7.0,2,469148
2175,1,1.0,2,31,1.0,36.9,4,251800
1286,4,3.0,3,10,1.0,17.2,6,301469
1157,4,2.0,3,19,0.0,11.5,3,258584
2089,5,3.0,1,34,1.0,19.1,10,387130
1666,3,3.0,1,46,0.0,36.8,10,262922
2228,1,3.0,3,45,0.0,15.8,7,361929
2084,4,2.0,3,10,2.0,22.7,7,364287
1756,2,1.0,3,7,1.0,32.2,5,306929
1292,4,2.0,1,3,2.0,17.4,3,309659
891,2,1.0,3,26,2.0,9.7,2,158833
1532,1,3.0,3,43,0.0,39.8,4,190933
2314,4,3.0,1,39,1.0,38.3,4,293645
1928,4,3.0,2,37,0.0,33.8,8,331041
1053,1,3.0,2,46,0.0,27.7,8,201324
1904,4,3.0,3,29,1.0,12.1,5,339384
2031,2,1.0,2,43,0.0,36.6,6,284577
1270,4,1.0,2,47,1.0,11.4,8,239894
1892,3,3.0,2,47,1.0,32.1,1,208990
1835,5,2.0,2,26,0.0,36.8,5,277657
1114,2,2.0,3,20,0.0,24.3,4,157340
2015,3,3.0,2,19,2.0,32.2,4,300216
2136,1,1.0,2,3,0.0,31.8,2,303762
2450,2,2.0,1,10,1.0,8.1,10,451277
2432,5,2.0,3,12,2.0,26.9,1,329405
973,5,2.0,1,8,1.0,4.2,6,294553
1237,1,3.0,1,3,2.0,20.6,7,263072
2109,1,2.0,3,11,0.0,6.9,5,327337
2108,2,2.0,2,8,0.0,16.9,8,369265
2109,4,2.0,1,12,0.0,33.4,9,356604
4112,1,2.0,3,47,1.0,39.5,2,475164
2143,4,1.0,2,25,2.0,13.1,4,377330
2481,3,3.0,3,37,1.0,21.5,9,394534
2372,5,,1,41,2.0,20.7,5,388360
2191,4,1.0,2,12,0.0,38.2,3,284269
1611,5,1.0,2,38,1.0,19.4,6,292072
2255,4,3.0,3,27,0.0,28.1,3,349809
1336,3,2.0,2,18,1.0,36.9,5,239474
1658,1,2.0,1,23,0.0,15.2,3,258397
1509,3,3.0,1,18,1.0,36.1,6,259678
1849,1,2.0,1,48,1.0,36.7,10,265983
3189,1,1.0,3,12,2.0,37.3,5,420650
680,5,2.0,2,12,0.0,11.2,9,252454
2212,3,2.0,2,27,2.0,16.3,3,316104
832,4,2.0,2,1,2.0,34.9,6,175396
1517,3,3.0,1,9,0.0,14.7,8,355635
2453,5,1.0,2,21,1.0,24.2,7,404697
1839,1,2.0,1,12,2.0,5.2,6,355959
1153,5,3.0,2,8,0.0,2.7,2,282955
1371,2,2.0,1,32,1.0,16.8,7,261816
2208,2,1.0,2,13,2.0,23.4,8,370761
1362,4,2.0,3,47,2.0,16.0,1,213102
1930,5,1.0,3,19,2.0,23.3,9,418705
1827,4,2.0,1,14,1.0,20.8,4,300442
1409,4,1.0,1,31,2.0,27.6,8,278217
3086,2,2.0,2,32,1.0,26.2,10,500262
2180,4,1.0,2,16,2.0,17.3,7,396623
585,2,2.0,3,23,0.0,17.3,10,230668
1912,1,2.0,2,29,2.0,6.1,7,335568
1403,5,3.0,1,12,0.0,20.8,2,273226
2311,4,3.0,1,46,0.0,23.7,1,268570
1324,2,1.0,1,47,0.0,19.3,4,233329
1731,3,2.0,1,15,1.0,13.4,2,315270
2103,4,1.0,1,1,0.0,29.0,8,364341
2319,1,3.0,3,16,2.0,3.4,10,457732
1080,1,1.0,3,31,1.0,36.6,7,213025
1599,3,1.0,1,42,0.0,1.3,8,282199
1515,2,3.0,2,7,1.0,38.5,6,265122
1408,4,2.0,1,2,1.0,18.8,1,218372
2859,2,1.0,3,11,1.0,16.8,9,506472
2043,1,3.0,1,19,2.0,10.6,6,376683
1043,2,2.0,3,15,0.0,0.9,10,283346
2351,1,3.0,3,13,1.0,11.4,1,345432
3073,2,1.0,1,15,1.0,4.8,1,434339
2419,3,2.0,1,48,1.0,26.6,8,351862
888,5,2.0,2,42,0.0,13.1,6,208799
1509,3,,3,48,1.0,30.8,8,246787
2560,3,3.0,2,32,1.0,8.7,8,464866
1375,5,3.0,1,29,2.0,36.1,8,307282
2066,5,2.0,3,11,0.0,21.2,10,433948
2265,4,2.0,2,14,2.0,5.0,7,396784
1244,4,1.0,2,17,0.0,16.3,7,263250
1764,3,2.0,2,27,0.0,8.7,10,373032
400,3,1.0,1,22,0.0,8.4,4,154838
1185,1,3.0,1,13,2.0,20.5,9,224820
1648,1,3.0,1,29,2.0,27.0,2,257668
1051,4,2.0,3,32,2.0,36.5,9,208515
2779,4,3.0,1,44,2.0,20.3,10,463581
942,1,3.0,3,14,1.0,38.7,3,193891
1536,1,2.0,2,6,1.0,37.7,2,251427
1878,2,1.0,2,14,1.0,34.7,4,314962
2665,2,2.0,1,41,0.0,20.2,5,352841
938,1,1.0,2,45,1.0,6.1,2,137537
2498,2,2.0,1,37,0.0,9.1,1,329717
1806,5,2.0,3,45,2.0,26.1,10,347451
1211,4,3.0,2,43,0.0,17.2,5,239310
2077,4,2.0,1,10,0.0,6.3,9,441755
1919,1,2.0,2,28,1.0,19.4,5,280787
1440,3,1.0,2,30,2.0,1.2,10,316280
1842,1,3.0,1,24,2.0,29.5,9,361783
1569,2,1.0,2,23,1.0,3.4,10,308472
1868,3,1.0,2,18,2.0,25.3,6,340120
2197,2,3.0,2,1,2.0,31.8,3,341821
2752,5,3.0,2,21,2.0,5.7,4,474386
1057,2,3.0,3,19,1.0,21.0,4,195014
3080,5,2.0,2,32,2.0,31.3,1,440548
629,5,3.0,2,7,0.0,10.8,3,179602
1709,2,3.0,1,24,0.0,6.9,3,252579
2153,2,3.0,3,45,2.0,13.8,1,324153
1969,5,1.0,1,8,1.0,22.4,9,318838
1426,3,1.0,1,33,1.0,23.2,1,190430
1675,5,2.0,1,22,1.0,5.7,9,371989
1504,4,1.0,3,4,2.0,18.6,1,286987
1446,5,2.0,1,24,2.0,11.1,2,299983
2310,3,1.0,1,7,0.0,33.8,2,366670
2014,4,3.0,1,15,,12.9,6,408669
1384,1,1.0,2,47,0.0,33.6,7,213156
2340,1,2.0,1,44,0.0,17.4,1,326169
1984,3,1.0,3,14,1.0,29.2,3,310128
2288,5,3.0,3,0,2.0,20.6,2,408703
2178,2,2.0,2,21,2.0,25.1,8,357848
1303,3,3.0,3,2,0.0,16.1,9,326889
1464,4,3.0,3,37,0.0,30.8,2,214270
2248,4,2.0,2,13,0.0,17.3,2,347824
2166,1,3.0,1,35,0.0,18.6,10,382223
1787,4,3.0,2,17,1.0,20.9,9,414057
1870,3,1.0,1,46,0.0,33.4,4,262881
2567,4,3.0,1,40,0.0,26.5,5,380881
1445,3,3.0,3,17,2.0,14.3,9,310875
2128,2,3.0,2,2,2.0,27.0,6,391530
1679,1,3.0,3,9,2.0,25.9,10,334142
1669,4,2.0,3,48,1.0,37.3,9,302568
2459,3,1.0,1,38,1.0,33.7,9,397857
2295,5,3.0,3,46,2.0,26.1,7,419521
2288,1,3.0,2,0,2.0,14.0,10,458648
2583,2,2.0,3,26,0.0,31.3,9,380068
1813,3,3.0,3,26,0.0,23.2,5,265351
2209,2,2.0,1,10,1.0,39.4,5,346510
1614,2,1.0,2,48,1.0,10.3,8,294196
1994,4,1.0,3,4,0.0,3.6,10,430057
1722,4,3.0,1,6,2.0,3.3,4,389333
1858,3,3.0,3,18,0.0,25.8,9,337697
2157,5,3.0,2,28,1.0,37.6,7,393535
1309,3,2.0,3,14,1.0,0.6,7,294457
3055,5,3.0,3,34,0.0,29.2,3,478432
1196,2,3.0,1,46,0.0,26.5,4,205249
1071,1,1.0,3,36,0.0,29.4,7,153361
2495,3,3.0,1,11,1.0,14.5,5,403244
2275,3,1.0,2,29,2.0,32.9,3,370427
2174,5,3.0,3,19,0.0,2.3,1,414193
2177,2,1.0,2,36,1.0,30.3,7,346437
1793,2,3.0,2,2,1.0,11.0,6,356600
1262,5,1.0,3,8,1.0,19.3,10,324188
1845,2,2.0,1,40,0.0,33.0,7,291892
1394,4,1.0,2,38,0.0,11.2,2,226696
2385,1,1.0,2,25,2.0,7.8,4,400261
1712,3,1.0,3,1,1.0,27.4,2,292840
1305,1,3.0,3,22,0.0,21.6,8,240277
1607,3,3.0,3,22,1.0,20.8,7,330207
2048,4,3.0,3,20,1.0,10.6,1,341892
1462,2,2.0,3,15,2.0,1.9,2,269284
1307,5,2.0,3,8,0.0,16.7,2,304005
1946,4,1.0,1,12,0.0,4.7,4,346276
1947,1,2.0,2,27,1.0,36.3,3,215987
1496,5,1.0,1,26,1.0,2.1,1,260873
1517,2,1.0,1,16,2.0,17.6,2,270197
1939,4,1.0,3,37,2.0,2.6,9,363400
931,5,2.0,2,35,2.0,4.3,1,226815
956,4,3.0,1,0,2.0,26.5,9,244933
1369,4,2.0,3,17,2.0,26.1,7,322298
1672,2,1.0,3,8,2.0,1.8,2,288409
1987,3,1.0,2,12,1.0,0.5,2,328974
2685,5,2.0,1,39,2.0,3.6,5,432058
2315,2,1.0,1,44,1.0,30.6,5,333130
1704,4,1.0,1,14,1.0,23.6,4,335601
1789,2,2.0,3,42,0.0,2.0,10,354193
1198,3,2.0,2,43,1.0,19.8,10,264176
1789,5,2.0,2,45,1.0,28.6,3,258898
1627,3,1.0,1,3,2.0,34.8,4,229598
1994,1,1.0,3,32,1.0,37.4,10,313506
1304,5,3.0,1,23,2.0,13.4,4,242113
2112,3,3.0,2,35,2.0,5.9,2,293912
2720,4,2.0,3,40,2.0,9.9,5,434644
1735,5,3.0,1,9,0.0,31.2,5,296766
2041,5,1.0,1,35,2.0,38.9,5,344527
2214,2,3.0,3,19,1.0,18.9,10,389816
1559,4,1.0,2,40,2.0,12.6,1,264029
1934,1,2.0,3,44,2.0,17.5,6,328626
1808,3,2.0,1,43,2.0,12.5,2,310825
1859,2,1.0,1,10,0.0,10.6,7,332480
1336,3,3.0,1,11,1.0,24.0,4,284490
1815,1,2.0,1,17,0.0,1.1,5,333806
2099,1,2.0,2,29,1.0,10.8,5,366110
2671,5,3.0,2,43,0.0,26.6,5,462699
2376,1,3.0,1,47,1.0,1.8,2,340037
3092,3,1.0,2,36,0.0,3.8,5,470220
1340,4,3.0,2,19,2.0,12.1,3,261472
2323,4,3.0,2,24,0.0,35.2,4,387005
1910,5,3.0,1,11,0.0,30.7,2,368347
3114,3,1.0,3,20,2.0,1.4,4,509957
1315,3,1.0,3,24,2.0,20.3,9,248474
1296,1,2.0,3,10,1.0,11.4,8,266437
1440,3,1.0,1,8,1.0,26.1,3,271451
526,2,2.0,2,49,1.0,29.0,1,46869
1485,1,3.0,2,24,0.0,34.6,1,182658
1345,2,2.0,1,34,1.0,19.3,6,226934
1890,5,2.0,1,31,0.0,39.8,3,270328
2005,4,3.0,3,48,0.0,39.2,4,293010
2926,5,2.0,3,13,1.0,35.3,1,367130
2370,4,1.0,1,0,1.0,23.2,8,380434
1454,5,1.0,3,16,0.0,16.2,1,215142
1261,3,1.0,2,24,2.0,14.9,5,215774
2095,2,1.0,1,7,2.0,1.0,6,384050
1008,4,2.0,1,4,0.0,10.3,2,222694
2899,1,2.0,2,4,1.0,28.9,7,472255
2508,2,3.0,2,40,0.0,24.3,7,397278
1518,1,2.0,2,34,0.0,36.7,1,169015
772,2,2.0,3,18,1.0,2.5,4,209489
2612,2,2.0,1,22,2.0,6.6,4,438084
1731,5,3.0,3,8,0.0,31.7,5,312356
2543,4,1.0,2,29,2.0,14.7,1,364271
843,4,2.0,3,49,2.0,5.2,1,150715
1440,2,3.0,2,15,1.0,39.9,7,239435
1803,3,3.0,3,32,0.0,31.6,9,342322
1828,3,3.0,3,1,0.0,16.6,1,306419
1530,1,1.0,2,13,2.0,33.0,2,271322
2174,1,2.0,3,45,2.0,27.4,6,308352
1159,5,3.0,1,0,1.0,31.7,6,281610
1715,2,1.0,3,25,,32.7,2,255858
1872,1,3.0,3,24,1.0,3.8,9,369057
2109,1,3.0,1,15,0.0,25.1,4,306991
2227,2,3.0,2,14,1.0,0.8,7,428487
1125,5,3.0,1,25,2.0,2.2,6,298768
880,1,3.0,3,46,0.0,36.2,3,129883
2567,5,1.0,2,43,1.0,21.3,8,428925
1999,4,2.0,3,15,0.0,29.6,7,351987
1351,5,2.0,3,13,1.0,33.6,9,258948
2731,3,2.0,1,28,2.0,38.0,3,374579
1869,3,2.0,1,23,2.0,34.8,1,253656
2508,5,1.0,2,46,0.0,19.6,2,400779
1841,3,1.0,2,14,0.0,13.8,1,300440
3036,4,1.0,2,18,0.0,6.6,5,484308
2853,2,3.0,3,7,1.0,16.3,10,514186
1651,3,3.0,1,33,2.0,15.0,2,244332
2383,3,3.0,1,1,0.0,22.6,3,358904
2187,5,2.0,1,26,0.0,26.8,8,368516
2621,4,3.0,2,9,0.0,39.1,10,455436
1221,2,2.0,1,34,1.0,29.3,5,193150
2212,5,3.0,1,22,0.0,25.9,4,342168
2435,5,2.0,1,48,0.0,13.7,5,352706
745,4,3.0,2,7,1.0,1.9,10,283904
1090,2,3.0,1,27,1.0,11.9,6,239823
576,4,1.0,2,22,0.0,30.9,7,172808
1638,2,3.0,1,3,0.0,8.6,9,332590
2231,4,3.0,1,13,1.0,28.6,1,340285
2701,5,1.0,1,41,2.0,23.4,4,372161
1844,5,2.0,2,28,1.0,7.3,9,375726
2777,1,1.0,2,0,2.0,10.8,5,451548
972,3,1.0,1,3,0.0,20.1,8,233309
778,4,2.0,3,31,0.0,17.0,1,115872
1767,1,3.0,2,32,2.0,31.3,4,230255
2030,3,2.0,2,48,1.0,29.5,9,341712
1780,4,3.0,1,25,0.0,23.2,1,283844
560,2,3.0,3,16,2.0,33.0,1,126757
1747,3,2.0,1,38,1.0,22.7,4,287389
1017,5,1.0,2,22,2.0,38.6,3,178375
2202,1,2.0,2,31,1.0,9.1,7,387157
2020,3,3.0,1,14,1.0,28.7,3,323134
1236,3,2.0,1,12,1.0,15.1,1,202873
1492,5,2.0,3,1,1.0,11.5,10,382684
1164,4,3.0,3,18,2.0,7.6,2,259500
1762,2,1.0,2,23,2.0,22.3,10,379114
2373,5,2.0,3,44,2.0,9.0,4,426137
1209,2,3.0,3,23,2.0,8.4,1,224399
2102,4,3.0,2,10,2.0,39.6,1,300410
1482,3,2.0,2,21,1.0,32.2,8,320646
1324,2,1.0,2,14,0.0,30.1,7,258016
1736,1,2.0,2,9,0.0,31.9,8,298042
1179,1,1.0,1,40,2.0,38.8,4,111577
1468,5,1.0,2,26,2.0,23.1,6,267133
1081,4,1.0,2,8,0.0,9.2,3,211128
2979,5,1.0,2,27,1.0,34.6,8,458665
1821,5,2.0,3,0,2.0,29.8,4,349245
1380,5,3.0,2,16,1.0,16.9,3,293203
1928,1,3.0,1,30,0.0,19.2,4,329098
1733,1,3.0,1,43,0.0,16.7,6,301381
1667,5,3.0,2,9,2.0,37.2,7,292629
2169,1,,1,36,1.0,14.1,7,380466
2255,4,3.0,3,28,2.0,38.6,4,388837
1482,5,2.0,2,17,0.0,36.5,8,331916
1455,1,1.0,1,46,1.0,25.4,7,200711
1635,2,3.0,1,37,2.0,23.4,2,239014
419,5,2.0,2,38,2.0,15.1,8,209408
891,5,3.0,1,48,2.0,1.2,9,235911
2620,4,3.0,2,5,0.0,5.5,5,411480
2787,3,1.0,1,39,2.0,30.3,4,391748
1651,3,1.0,3,11,1.0,19.1,4,275591
2146,4,1.0,1,13,2.0,6.4,4,333398
1987,4,3.0,1,43,0.0,10.9,6,372058
3647,4,3.0,2,9,2.0,37.9,4,530778
2472,3,3.0,1,19,0.0,15.0,7,402989
1723,4,1.0,2,14,0.0,36.4,7,274568
1227,1,2.0,3,30,1.0,12.5,5,237766
836,5,3.0,2,6,1.0,22.0,5,240886
1922,5,3.0,2,40,2.0,1.3,10,416834
1346,2,3.0,1,9,0.0,21.1,8,243799
947,2,2.0,3,9,0.0,25.7,7,231930
1412,5,3.0,2,47,1.0,9.8,7,313875
1151,1,2.0,1,38,1.0,23.4,6,193291
2812,3,3.0,1,27,2.0,26.1,7,469070
2329,3,2.0,2,29,0.0,27.6,7,347632
1795,1,3.0,1,36,1.0,31.2,10,343539
2688,3,1.0,2,2,2.0,12.8,2,420867
1846,4,1.0,2,49,0.0,22.9,10,316675
1283,5,1.0,2,42,0.0,39.3,2,171318
2714,5,1.0,3,14,1.0,36.0,10,487082
2123,1,3.0,2,20,2.0,38.1,7,342537
1178,3,1.0,1,36,1.0,15.8,10,280416
1686,2,2.0,3,11,2.0,31.6,7,334887
1275,2,1.0,1,3,0.0,25.0,7,238627
970,3,1.0,3,46,2.0,3.8,5,219569
2356,2,1.0,3,8,2.0,33.0,1,323303
2946,1,3.0,3,38,2.0,27.2,2,419836
961,1,1.0,3,41,2.0,8.4,9,223306
2138,3,2.0,1,27,2.0,3.6,8,399955
1410,2,1.0,2,22,1.0,33.6,8,313403
1508,1,1.0,1,44,2.0,3.6,10,336030
1445,1,1.0,2,39,2.0,4.1,1,197204
1282,4,2.0,1,43,0.0,17.4,6,263568
1829,4,1.0,3,21,2.0,5.8,9,400076
1301,1,,3,23,0.0,36.6,8,207071
1962,3,,2,25,1.0,19.1,3,307607
1770,5,1.0,2,29,1.0,23.0,4,273118
1657,5,2.0,1,32,2.0,37.2,3,197440
1255,1,3.0,2,15,1.0,21.4,6,244338
1454,1,1.0,1,21,2.0,14.5,9,280220
2253,1,1.0,2,48,1.0,32.0,8,300684
2101,3,2.0,2,49,2.0,18.0,10,374738
1213,4,2.0,2,42,2.0,13.1,4,183181
1860,1,1.0,3,17,0.0,29.1,2,259282
2251,1,3.0,3,6,0.0,32.2,8,376840
798,2,2.0,1,49,0.0,31.8,8,175012
2126,3,2.0,2,25,0.0,39.1,6,281865
1402,1,3.0,1,7,2.0,31.6,8,330117
2142,2,3.0,2,5,1.0,30.9,9,428110
1342,5,1.0,3,29,2.0,34.4,1,191059
717,1,3.0,3,38,0.0,0.5,9,256581
823,1,1.0,2,22,0.0,14.8,2,168220
1829,2,3.0,2,31,1.0,29.6,1,242124
1956,3,2.0,3,21,0.0,24.2,8,334345
1257,1,1.0,3,41,2.0,7.5,8,247437
2183,5,1.0,1,42,2.0,12.5,4,422092
803,1,1.0,3,44,2.0,13.8,8,228069
1760,5,3.0,2,8,2.0,22.9,7,353579
1073,4,2.0,1,30,2.0,33.3,2,174874
1409,4,1.0,2,6,1.0,37.3,5,274854
1828,5,1.0,1,8,2.0,30.1,10,387111
1284,3,1.0,2,12,0.0,33.8,4,192634
1569,1,1.0,3,2,0.0,19.1,3,268347
2404,1,2.0,2,34,0.0,15.9,1,307195
1454,4,3.0,1,32,0.0,16.0,5,274451
2301,5,2.0,2,20,1.0,24.8,10,424719
1122,1,1.0,1,30,0.0,5.4,8,264991
2118,1,2.0,2,33,1.0,23.4,9,346654
2665,3,1.0,3,31,0.0,26.8,7,409692
400,2,3.0,3,34,1.0,17.8,1,53692
1322,4,3.0,2,14,1.0,38.2,1,218890
2146,4,3.0,2,31,1.0,24.5,1,295400
1678,2,1.0,2,5,0.0,9.2,2,243167
2023,1,2.0,1,44,1.0,19.4,1,290207
1438,3,3.0,2,20,2.0,27.2,4,258701
1852,3,1.0,2,32,2.0,13.3,10,309580
1707,4,1.0,1,31,0.0,3.6,9,324832
2501,3,2.0,3,18,2.0,23.5,4,392687
1953,2,3.0,2,32,2.0,37.9,4,287476
2003,1,1.0,2,27,2.0,19.7,7,319032
1553,2,2.0,3,30,0.0,36.3,9,191775
1507,5,3.0,3,20,0.0,33.5,7,281869
1540,4,2.0,1,33,2.0,6.3,1,289447
2037,3,2.0,2,14,0.0,28.5,1,327151
1547,5,1.0,2,13,1.0,17.7,4,277251
1974,3,1.0,1,18,2.0,10.4,4,382170
3045,1,1.0,3,42,0.0,27.6,1,330752
2323,1,2.0,1,14,0.0,29.8,6,329118
1604,1,1.0,3,5,2.0,7.6,10,374905
2521,3,2.0,1,8,0.0,36.6,2,366708
1555,5,2.0,3,36,2.0,30.2,5,277723
577,1,1.0,1,19,0.0,37.4,8,108124
1195,5,3.0,3,33,1.0,13.0,3,218136
678,3,3.0,3,37,2.0,37.6,9,168455
1589,5,3.0,3,25,1.0,15.1,7,306648
1811,3,2.0,3,17,2.0,2.6,9,390346
2806,3,2.0,3,27,0.0,30.6,1,371141
1996,4,2.0,2,8,1.0,28.3,5,312872
1669,3,1.0,3,31,0.0,24.1,3,246276
2298,3,2.0,2,5,2.0,19.9,4,315205
473,2,1.0,3,13,2.0,1.8,4,180923
1941,1,1.0,2,27,2.0,25.2,7,333825
2263,4,3.0,2,23,2.0,17.0,10,410560
913,4,3.0,1,12,2.0,22.6,8,231140
2486,4,3.0,3,42,1.0,17.5,10,447810
2003,2,1.0,1,11,2.0,38.7,5,306140
1551,3,1.0,1,18,0.0,24.4,10,326684
2180,1,1.0,3,20,1.0,30.1,7,323001
3162,5,2.0,1,26,0.0,37.5,3,416347
1909,3,1.0,3,18,2.0,23.9,3,300575
1949,2,3.0,1,23,0.0,1.0,3,300054
1524,3,3.0,3,25,1.0,1.9,4,296582
1290,3,1.0,3,44,1.0,28.2,6,197603
2298,2,1.0,3,27,1.0,11.5,5,378638
1286,4,3.0,2,45,0.0,23.4,8,235401
1843,4,1.0,1,17,,8.5,5,341440
1513,1,3.0,2,43,0.0,11.2,5,291562
2087,1,2.0,1,35,2.0,20.4,10,373042
2000,4,3.0,1,41,2.0,39.0,2,280968
2423,5,,1,28,0.0,24.8,5,345148
1494,3,1.0,2,16,1.0,37.5,7,299388
1638,5,1.0,1,3,0.0,38.4,2,282169
1213,3,2.0,2,43,0.0,8.7,6,237840
1533,4,1.0,3,44,0.0,12.8,7,278620
2026,1,2.0,1,28,2.0,30.9,5,280244
2254,1,1.0,1,3,0.0,34.7,9,409432
1247,5,3.0,3,9,,21.0,4,295589
2322,1,1.0,3,24,0.0,39.7,10,344453
2613,4,3.0,1,30,2.0,1.0,1,435652
2048,5,3.0,3,2,0.0,12.3,8,450945
2926,3,2.0,2,46,0.0,25.1,8,437527
1336,1,1.0,2,1,1.0,19.0,7,262223
1053,2,2.0,1,24,1.0,5.1,8,231299
733,1,1.0,2,48,0.0,15.0,2,129876
2698,3,3.0,2,5,0.0,1.5,3,433281
2193,5,3.0,1,25,0.0,25.9,9,383071
1767,3,1.0,3,7,0.0,35.8,1,252765
1968,2,1.0,1,34,1.0,35.5,8,284929
1125,4,2.0,2,26,2.0,28.1,8,291577
3267,1,1.0,1,24,0.0,18.9,7,497345
1878,5,1.0,1,17,1.0,20.7,5,330830
1866,4,1.0,2,0,0.0,5.9,4,325733
2235,3,2.0,2,47,0.0,14.0,10,369068
2089,5,1.0,1,38,2.0,7.9,10,383526
1934,4,3.0,2,2,0.0,32.9,10,348146
1326,5,2.0,2,3,0.0,36.6,10,309504
2083,2,2.0,2,40,2.0,21.7,6,315322
2929,2,3.0,2,36,2.0,29.2,1,368747
2607,1,3.0,2,14,2.0,5.3,5,410975
2756,1,3.0,2,7,2.0,24.5,4,442693
1493,2,1.0,3,37,1.0,28.3,4,209538
1206,5,3.0,1,49,1.0,18.4,7,284798
1725,2,1.0,2,18,1.0,10.1,9,334387
1833,1,2.0,1,46,0.0,35.2,8,240751
2457,2,2.0,3,25,2.0,29.8,8,411246
785,2,3.0,2,38,2.0,36.0,5,175058
2718,5,1.0,1,9,1.0,32.8,6,406336
1705,4,3.0,2,37,0.0,39.6,2,239475
1544,1,3.0,2,13,0.0,8.1,3,280390
1193,5,1.0,2,48,0.0,3.9,5,245430
807,2,3.0,2,40,1.0,13.8,2,143679
2294,2,2.0,2,18,0.0,5.6,3,385715
1844,4,3.0,2,29,0.0,21.2,4,301156
1026,1,1.0,2,4,0.0,25.5,6,192124
1023,1,1.0,3,30,2.0,23.3,5,147614
1599,3,2.0,3,6,1.0,10.7,10,319420
2801,1,1.0,2,18,2.0,36.4,4,388769
1644,4,1.0,2,30,2.0,1.3,2,290379
898,3,2.0,3,38,1.0,14.2,5,222390
1653,3,3.0,3,23,2.0,28.9,5,321513
1636,2,2.0,3,33,0.0,30.8,7,267346
400,2,3.0,2,22,0.0,16.9,1,127511
1767,1,2.0,1,47,0.0,1.2,4,263993
1661,3,3.0,1,44,0.0,24.9,5,259656
2218,2,2.0,1,39,1.0,3.0,8,381076
2909,4,3.0,1,5,2.0,4.8,8,562961
2476,2,2.0,2,37,2.0,26.2,1,297573
1639,2,3.0,1,40,0.0,12.8,5,275854
1136,3,2.0,3,35,0.0,14.2,10,254058
3344,3,1.0,3,26,2.0,19.7,1,451813
1836,5,3.0,1,10,1.0,39.2,1,269988
1808,4,2.0,3,4,2.0,38.6,2,291252
1786,3,3.0,2,16,0.0,16.9,2,326122
1919,1,3.0,1,6,0.0,11.0,9,416931
1713,4,2.0,1,26,1.0,12.5,4,318942
1456,4,3.0,2,46,2.0,11.1,3,237143
1472,3,2.0,3,14,1.0,21.5,1,239375
1780,4,1.0,2,45,1.0,24.5,2,261950
1474,3,3.0,2,12,0.0,19.8,6,280190
1372,2,1.0,3,10,2.0,16.6,9,298825
1864,5,3.0,2,44,0.0,8.8,5,330015
1647,2,3.0,3,25,2.0,19.6,4,307108
2702,3,3.0,3,21,0.0,14.0,5,446682
400,3,2.0,2,27,0.0,21.9,9,150606
2455,2,1.0,3,23,2.0,27.2,7,404954
2548,1,3.0,2,28,2.0,25.5,8,451353
556,1,2.0,3,8,0.0,18.8,4,111540
1594,1,3.0,1,41,2.0,22.5,8,271797
1577,3,2.0,3,3,0.0,11.8,6,308095
955,4,3.0,3,48,2.0,1.5,5,238271
1333,3,1.0,2,45,0.0,25.2,7,187118
1134,4,1.0,3,17,0.0,10.5,6,293051
2851,2,3.0,1,42,0.0,26.9,3,380148
2361,5,2.0,1,15,1.0,30.0,5,388312
2563,4,3.0,3,32,2.0,36.7,9,431291
2233,1,2.0,3,28,0.0,38.3,7,317328
1123,3,3.0,1,38,1.0,0.9,4,253601
1485,2,2.0,2,9,,39.6,7,259836
2094,1,1.0,1,8,1.0,27.5,5,268700
1067,2,3.0,1,30,0.0,25.9,2,165424
2228,5,1.0,3,27,0.0,1.1,6,396445
1656,3,1.0,3,2,1.0,34.5,7,322537
1575,3,3.0,1,13,1.0,6.2,8,408478
2227,5,3.0,2,24,2.0,33.6,6,384669
2067,3,2.0,1,14,2.0,1.1,8,458710
1583,4,2.0,1,1,1.0,26.0,7,298931
2496,2,1.0,2,23,2.0,17.7,2,344707
1151,1,2.0,1,13,1.0,8.4,6,240657
2170,5,2.0,1,47,2.0,4.7,9,418554
2156,4,3.0,3,6,0.0,17.9,6,376461
1614,1,2.0,2,35,2.0,5.4,4,237861
1996,1,1.0,3,49,0.0,19.7,7,305386
1049,5,2.0,3,23,0.0,25.2,3,179851
2354,4,1.0,2,26,2.0,33.2,5,388253
1689,1,3.0,2,36,1.0,27.3,1,243424
1486,1,1.0,1,37,0.0,3.1,10,279463
2429,4,2.0,3,29,0.0,12.6,3,390858
1377,3,3.0,2,26,2.0,11.9,8,292371
955,1,,3,38,1.0,36.6,9,192120
866,2,3.0,3,14,1.0,34.8,9,220115
2164,4,3.0,2,25,2.0,15.1,10,414061
1032,1,2.0,1,0,1.0,3.3,2,236610
2853,5,2.0,3,3,2.0,35.8,4,417940
551,2,3.0,2,28,2.0,35.6,5,147950
2818,1,3.0,1,0,2.0,34.3,3,411364
1927,2,2.0,3,42,0.0,33.9,1,206458
1742,2,1.0,2,49,0.0,19.5,6,249871
1473,3,2.0,3,45,0.0,7.5,10,285656
2039,2,3.0,2,21,2.0,19.4,2,307636
1777,3,2.0,2,10,0.0,20.0,9,350446
2462,4,1.0,3,9,0.0,19.9,1,343350
1869,3,2.0,3,16,0.0,21.8,9,380380
1890,5,3.0,2,35,2.0,10.7,7,394750
1582,1,2.0,1,46,2.0,15.0,10,330831
1766,4,3.0,3,25,2.0,17.7,2,234973
1985,4,3.0,2,47,0.0,5.7,6,398047
774,5,2.0,2,20,1.0,18.5,8,238289
991,3,3.0,1,12,0.0,32.5,2,174543
2246,1,3.0,1,8,0.0,33.2,5,334956
1903,3,1.0,1,10,2.0,16.8,6,309136
1690,2,1.0,3,10,2.0,21.0,3,292258
1811,3,1.0,2,5,0.0,1.8,2,356382
2009,4,1.0,2,0,0.0,27.1,6,354166
1476,1,3.0,2,5,1.0,16.5,3,236037
1333,3,2.0,1,12,1.0,18.1,2,196885
1918,1,3.0,2,21,2.0,35.0,1,254335
1213,1,3.0,3,30,1.0,18.7,8,236843
2045,2,3.0,1,21,1.0,1.3,1,344053
778,2,2.0,1,36,2.0,9.5,5,218046
2417,4,1.0,1,46,1.0,19.3,6,382510
2084,5,3.0,1,26,0.0,17.3,3,337604
1954,1,3.0,3,49,1.0,34.5,7,291294
2390,5,1.0,2,13,2.0,21.9,2,375959
2799,4,3.0,3,46,0.0,27.7,7,398905
2409,1,2.0,2,4,1.0,19.0,2,372934
695,1,3.0,3,35,0.0,17.9,5,131137
1032,5,3.0,1,31,0.0,18.1,7,271682
1425,3,1.0,1,33,1.0,16.7,3,223135
1816,2,3.0,3,6,1.0,21.8,4,337588
2111,3,3.0,3,41,2.0,10.4,1,286951
1365,5,2.0,2,47,2.0,35.7,3,235495
1912,2,1.0,3,9,0.0,13.7,9,399925
1347,3,1.0,3,49,2.0,6.3,10,267982
1433,2,2.0,2,16,0.0,4.3,5,279263
956,1,3.0,2,29,0.0,1.0,8,251447
1246,3,1.0,2,20,2.0,17.2,2,231320
989,2,1.0,3,12,2.0,7.9,3,208524
1214,2,3.0,2,0,2.0,1.4,7,295809
2432,2,3.0,1,0,1.0,21.0,10,449633
1230,3,1.0,1,46,0.0,27.4,4,194018
3379,4,3.0,1,32,0.0,3.9,9,540216
2096,3,1.0,3,37,0.0,18.7,7,324533
1911,5,3.0,1,24,2.0,29.9,1,324183
1285,3,3.0,3,25,2.0,39.4,4,225231
2220,2,2.0,3,12,2.0,26.9,10,348549
1455,1,3.0,1,27,2.0,10.2,6,309435
1873,3,2.0,2,32,2.0,28.8,6,295850
3336,3,,3,36,1.0,24.1,10,532417
1742,2,1.0,1,40,2.0,8.9,6,309156
2490,1,1.0,3,29,0.0,34.1,5,305377
1378,1,3.0,2,48,2.0,17.4,3,209878
1779,5,3.0,2,47,0.0,38.5,2,280373
2862,3,1.0,1,7,2.0,29.1,3,441850
1424,1,3.0,3,48,2.0,26.0,9,260459
2887,1,2.0,3,46,0.0,29.3,3,388087
2225,4,2.0,3,0,0.0,19.4,3,392069
1463,4,2.0,3,11,0.0,20.5,1,269830
2179,1,2.0,1,4,0.0,34.1,2,270099
2384,5,2.0,2,23,1.0,27.4,3,407258
2173,1,3.0,1,5,0.0,35.9,2,288763
858,2,3.0,3,24,2.0,35.7,8,208546
1364,3,2.0,3,0,2.0,39.1,6,258257
1651,5,3.0,2,24,1.0,28.2,7,324085
1755,2,3.0,3,0,0.0,20.3,1,263523
2172,5,2.0,1,31,2.0,7.1,6,386556
1907,2,3.0,1,41,1.0,28.4,2,264920
999,3,3.0,2,41,2.0,12.0,6,259545
2028,3,3.0,1,2,1.0,11.7,3,379658
2166,4,2.0,1,48,1.0,9.9,7,396757
2136,2,3.0,1,18,0.0,35.1,3,324220
2448,4,1.0,1,42,1.0,34.8,9,428006
2300,2,1.0,3,28,2.0,25.4,3,326454
2076,4,2.0,1,49,2.0,19.2,7,343243
1758,3,1.0,2,1,0.0,27.0,4,288502
803,5,2.0,2,8,0.0,24.5,8,232954
2058,4,1.0,1,16,1.0,16.9,2,286245
1925,2,1.0,2,45,0.0,15.5,8,325829
1963,2,1.0,1,35,2.0,15.6,9,360024
1034,3,2.0,2,16,2.0,23.8,8,243583
1151,2,2.0,2,48,0.0,26.1,6,151906
2432,1,3.0,1,11,0.0,18.3,10,424947
1776,5,2.0,1,19,0.0,38.8,1,220539
2209,4,1.0,3,49,1.0,3.8,7,393933
1817,5,1.0,1,2,1.0,14.2,1,311909
1818,3,2.0,1,42,2.0,17.1,7,323197
2363,4,2.0,3,49,1.0,1.2,2,340178
1490,4,2.0,1,3,1.0,14.9,8,360311
1858,1,3.0,1,16,1.0,11.3,2,298809
1523,3,1.0,3,49,1.0,20.5,3,209028
1539,2,3.0,1,36,2.0,13.8,3,271125
1614,1,3.0,1,45,0.0,29.2,1,200907
1933,1,1.0,3,41,2.0,20.6,5,341053
1513,5,1.0,3,14,1.0,5.6,5,304670
2553,5,2.0,2,32,0.0,30.1,10,401235
1263,5,2.0,1,15,0.0,4.4,5,289693
1688,1,3.0,2,10,0.0,33.6,9,333387
1536,2,2.0,2,19,2.0,37.3,6,319377
2668,4,2.0,3,37,0.0,13.2,6,512493
1918,5,1.0,1,23,2.0,37.1,3,252027
2419,2,1.0,1,15,2.0,31.8,5,356676
909,3,2.0,3,29,1.0,36.9,10,189430
1960,5,1.0,2,33,1.0,26.8,7,331117
2334,4,2.0,3,0,0.0,9.8,3,460273
1849,3,1.0,1,23,0.0,35.8,2,228981
2439,3,1.0,3,23,1.0,7.8,5,401798
1490,4,1.0,1,8,2.0,8.9,3,272660
2646,5,1.0,2,21,2.0,11.2,5,415680
3179,1,2.0,1,11,1.0,12.5,9,557664
1582,4,3.0,2,16,2.0,20.8,10,313761
1533,4,1.0,2,24,1.0,28.7,1,227239
2672,4,2.0,1,27,1.0,37.1,4,381915
2748,3,2.0,1,14,0.0,4.0,10,490313
1486,2,1.0,2,29,0.0,38.2,5,212065
1548,1,3.0,3,26,1.0,36.9,2,258367
1631,5,1.0,1,21,0.0,2.6,2,238065
993,5,2.0,2,9,1.0,14.7,1,223912
1249,2,3.0,2,30,2.0,32.6,8,259953
1198,4,2.0,3,26,2.0,24.7,2,224491
1339,1,1.0,1,11,2.0,31.3,3,188136
1779,5,3.0,2,45,2.0,28.9,2,303776
1941,5,2.0,3,30,1.0,20.1,4,359554
2730,4,2.0,2,31,2.0,2.1,1,395892
1201,2,2.0,1,31,2.0,23.6,3,169904
2391,1,1.0,3,40,2.0,2.4,5,343466
1672,2,3.0,2,44,2.0,24.3,10,322107
1770,2,1.0,3,34,,32.1,1,232834
2205,1,1.0,1,45,2.0,23.6,4,293649
1126,1,1.0,3,20,0.0,39.9,6,239373
2029,5,3.0,1,9,0.0,18.5,4,344146
1900,5,1.0,2,15,0.0,30.1,7,341054
2095,1,1.0,1,6,0.0,26.9,7,331916
1974,3,1.0,2,3,0.0,39.7,6,365706
3273,5,1.0,2,26,0.0,28.7,9,461632
1417,3,2.0,1,24,1.0,7.0,2,243266
1481,1,1.0,2,30,0.0,38.2,10,270760
1426,5,2.0,3,10,2.0,26.9,8,312258
1467,2,1.0,2,47,0.0,2.8,8,248832
1418,1,3.0,1,19,1.0,26.5,10,292712
2513,4,2.0,3,35,0.0,35.4,4,318501
2652,3,2.0,3,16,2.0,23.3,6,447692
1458,1,2.0,2,44,2.0,14.5,6,245249
1301,1,2.0,2,10,1.0,32.9,5,211145
2083,5,3.0,1,29,1.0,31.4,1,328882
1469,5,1.0,3,34,1.0,22.0,3,227567
2180,5,2.0,1,40,1.0,6.6,7,351113
1922,4,3.0,2,37,0.0,10.4,8,338927
891,5,2.0,3,21,0.0,29.7,2,226636
2729,1,1.0,1,42,2.0,32.3,3,321018
2878,5,2.0,1,47,1.0,11.5,4,441845
1432,2,3.0,1,26,1.0,15.0,5,285010
1567,5,1.0,1,36,0.0,3.6,3,253842
1972,4,3.0,1,45,1.0,28.7,5,283598
2001,2,1.0,3,48,2.0,0.6,8,366423
2195,1,1.0,1,34,2.0,2.3,8,384941
3006,1,1.0,3,3,1.0,0.7,2,489718
1694,3,2.0,1,15,2.0,26.0,6,285544
1321,2,3.0,2,15,2.0,17.0,4,248111
972,3,3.0,2,20,0.0,12.3,9,332269
1361,2,3.0,1,25,2.0,36.6,10,229230
1780,2,1.0,2,35,1.0,8.1,2,222999
2877,4,2.0,3,18,1.0,15.9,8,453612
1489,3,1.0,1,16,2.0,37.6,1,238409
1934,4,3.0,3,44,1.0,17.4,6,326500
1790,2,2.0,1,25,0.0,22.4,10,319736
2513,1,2.0,2,21,2.0,3.7,1,350024
3316,2,2.0,3,27,2.0,31.7,2,467032
1481,4,3.0,2,0,2.0,17.2,3,262790
1506,3,2.0,2,43,1.0,32.1,9,259342
2426,3,2.0,1,35,1.0,10.5,5,360751
2209,4,1.0,3,42,2.0,17.2,10,334708
2908,3,1.0,2,36,1.0,31.6,10,440254
2150,5,2.0,1,1,1.0,39.0,2,326211
1584,1,2.0,1,16,2.0,2.9,10,326060
2154,1,1.0,1,39,2.0,32.6,5,290832
2465,1,1.0,2,37,1.0,12.4,5,359895
2292,3,1.0,1,20,2.0,22.3,1,323368
2104,3,3.0,3,8,2.0,12.0,3,342035
2440,2,3.0,3,12,2.0,24.7,5,368117
2502,2,1.0,2,10,2.0,14.5,9,441650
2629,1,2.0,3,15,1.0,13.7,10,421597
2189,5,1.0,1,15,2.0,2.0,1,359856
1700,2,3.0,2,1,0.0,6.3,8,398497
1888,2,2.0,1,41,2.0,36.7,1,234606
2524,3,3.0,2,43,0.0,39.9,9,339607
1310,5,2.0,2,7,2.0,31.3,6,282380
2021,1,3.0,1,42,0.0,11.8,1,296463
1564,2,2.0,3,41,0.0,16.4,8,268302
1817,5,2.0,3,12,2.0,29.7,5,324230
2567,5,2.0,2,16,2.0,38.8,7,396572
1915,1,2.0,1,38,2.0,18.5,7,303268
1828,5,3.0,1,23,0.0,33.3,7,307106
984,5,3.0,2,2,1.0,39.0,6,243659
2248,5,2.0,3,29,,35.0,8,423584
2187,2,2.0,1,12,2.0,9.5,9,411897
3098,1,3.0,3,18,1.0,0.8,2,426785
1615,5,2.0,3,6,1.0,19.9,7,403770
1931,5,2.0,2,8,2.0,21.5,2,344918
1950,2,2.0,2,18,0.0,8.4,6,364743
2746,1,1.0,3,44,2.0,11.7,2,374767
1743,3,2.0,1,39,1.0,30.7,10,318772
1967,2,1.0,1,21,0.0,19.1,6,310026
2165,1,2.0,2,17,1.0,13.0,2,348508
1912,5,3.0,3,22,0.0,25.1,1,289060
1532,1,1.0,1,1,1.0,26.3,7,291765
1916,1,1.0,1,49,2.0,30.9,3,268773
2444,1,2.0,2,49,1.0,6.7,4,389315
1184,3,2.0,3,10,1.0,29.8,6,271205
1880,1,1.0,1,30,0.0,24.2,5,249718
1380,3,3.0,2,32,1.0,2.8,4,312949
2517,5,3.0,1,13,2.0,31.2,9,463136
886,3,2.0,1,15,2.0,15.6,6,231023
1465,5,3.0,1,10,2.0,13.6,6,332954
2026,5,3.0,2,32,0.0,18.2,2,317101
2739,3,2.0,3,6,0.0,14.2,6,442391
1761,2,3.0,2,30,1.0,13.9,7,314260
1467,4,2.0,3,47,1.0,32.4,8,300300
2929,1,1.0,1,45,1.0,5.4,8,449843
931,4,2.0,3,46,0.0,38.8,9,206128
481,1,1.0,1,13,0.0,22.4,10,171860
2064,1,1.0,1,27,1.0,7.7,3,295095
1499,5,3.0,2,42,0.0,5.7,10,285857
1187,1,3.0,1,15,0.0,23.9,7,255392
2225,1,3.0,2,18,2.0,25.5,7,386116
1946,3,2.0,3,16,2.0,2.6,1,331975
1462,4,3.0,3,25,1.0,10.1,8,299483
1032,3,1.0,1,5,1.0,31.9,4,241957
2323,1,3.0,2,42,2.0,2.5,5,367798
2190,5,3.0,1,48,0.0,34.3,6,340407
1740,3,2.0,2,8,1.0,26.5,3,270335
2908,3,2.0,2,49,1.0,17.7,5,388625
1158,2,1.0,2,16,1.0,14.2,10,293019
885,1,2.0,3,30,0.0,1.3,5,166751
1385,5,3.0,2,11,2.0,33.1,1,247365
1773,3,2.0,3,22,1.0,6.1,3,319510
1946,3,1.0,2,4,2.0,12.7,3,307836
1655,5,3.0,3,42,2.0,23.0,1,232951
2011,1,1.0,3,35,0.0,10.2,7,314262
1049,2,2.0,3,35,0.0,20.1,1,147495
2666,3,2.0,1,2,0.0,32.5,7,384204
1751,2,1.0,2,23,0.0,19.1,4,248627
2470,4,3.0,1,16,0.0,38.0,9,411966
2006,1,2.0,2,38,0.0,34.0,7,346252
2074,4,2.0,2,25,1.0,13.7,5,383095
2142,4,3.0,1,3,2.0,16.3,7,410888
2069,4,2.0,3,44,0.0,17.2,9,398011
2186,1,1.0,2,11,1.0,25.2,10,410411
2597,1,2.0,3,0,2.0,11.8,6,432332
1918,5,2.0,1,20,0.0,38.8,1,275419
2225,2,3.0,3,18,0.0,24.5,6,388481
1746,2,1.0,2,20,1.0,16.3,1,288986
2664,5,3.0,2,17,2.0,26.0,4,455523
1394,5,2.0,2,42,0.0,16.1,8,261647
2881,4,2.0,1,2,2.0,32.8,5,477040
1776,5,3.0,2,48,1.0,22.9,5,347966
942,3,3.0,1,43,0.0,2.2,10,294383
1877,2,3.0,3,31,2.0,7.5,8,336963
1391,5,1.0,2,9,1.0,34.7,8,254439
2304,3,2.0,2,39,1.0,22.7,1,326955
1408,3,3.0,2,14,0.0,38.0,5,281224
1532,3,2.0,3,4,2.0,3.4,5,333888
666,3,1.0,2,3,0.0,12.2,8,213134
1529,4,,1,27,0.0,8.1,1,245662
400,3,1.0,3,3,2.0,22.4,7,202247
850,4,1.0,3,14,2.0,15.6,7,230888
2256,4,2.0,3,16,2.0,6.7,9,455305
2271,3,1.0,3,43,1.0,25.9,2,306785
2055,2,1.0,3,2,1.0,21.7,3,306099
1220,3,3.0,1,9,2.0,11.4,4,239082
1771,3,1.0,3,46,1.0,19.5,1,261121
1798,3,3.0,2,41,0.0,30.0,7,229271
1105,2,1.0,3,22,2.0,8.6,10,295867
2702,1,1.0,3,17,0.0,12.1,3,389575
2326,1,3.0,3,0,2.0,14.2,3,406565
1667,4,1.0,3,34,0.0,30.0,3,266534
1816,4,2.0,3,30,,34.0,8,329121
1925,2,2.0,1,43,0.0,15.4,9,305568
575,5,1.0,1,0,2.0,12.2,10,225339
1652,1,2.0,3,2,2.0,35.6,2,236829
1391,4,3.0,1,2,1.0,40.0,10,325850
1199,1,1.0,2,36,0.0,27.0,10,277233
1631,2,1.0,3,18,1.0,39.6,1,226402
2879,2,3.0,2,28,0.0,26.6,9,438650
2185,5,3.0,2,24,1.0,29.5,6,359208
1457,5,3.0,3,32,2.0,15.9,9,322322
2144,2,1.0,2,35,1.0,17.6,6,364325
2640,4,3.0,2,28,1.0,6.2,2,401799
2355,1,3.0,2,25,2.0,33.0,1,312484
1836,3,2.0,3,3,1.0,37.3,8,370298
1412,5,2.0,3,48,2.0,25.1,3,225345
2219,3,1.0,2,13,0.0,14.1,1,344387
2036,4,2.0,3,49,1.0,6.6,8,395867
2337,5,2.0,3,26,2.0,11.0,1,375179
2181,3,3.0,2,32,2.0,10.6,8,447902
2430,4,3.0,3,21,1.0,24.7,1,403203
1479,1,2.0,1,47,0.0,37.8,9,239997
2590,4,2.0,3,2,1.0,2.4,9,477347
1919,5,2.0,1,22,2.0,0.5,9,387703
3045,2,1.0,2,20,0.0,24.2,3,423424
1386,1,1.0,3,40,1.0,11.7,4,202547
2842,3,1.0,2,22,2.0,35.3,5,417990
1919,5,2.0,2,3,1.0,13.4,6,418612
1409,2,2.0,2,20,0.0,11.9,9,301743
1510,4,1.0,2,36,0.0,11.1,4,263568
1608,2,1.0,2,42,0.0,6.2,6,301132
2054,5,2.0,3,30,0.0,23.5,1,320455
2114,5,3.0,1,20,0.0,7.1,2,326220
1456,2,1.0,3,25,1.0,17.3,8,275903
1785,4,2.0,3,40,0.0,18.7,4,339533
3085,2,2.0,3,34,0.0,1.3,10,525815
2837,5,3.0,3,37,2.0,1.2,7,473176
2062,5,2.0,1,23,0.0,21.0,4,332347
1823,3,2.0,3,10,2.0,28.0,9,312182
1872,3,1.0,2,40,2.0,37.7,9,264632
2168,1,1.0,3,28,2.0,7.6,4,370167
1186,5,3.0,3,46,1.0,4.6,8,290979
1646,3,3.0,1,2,1.0,2.6,6,359805
799,2,2.0,1,0,2.0,17.7,1,199224
2040,4,1.0,2,18,1.0,25.1,7,363359
2188,2,3.0,3,45,0.0,33.7,1,294873
1510,4,3.0,3,48,1.0,27.5,3,247247
2744,3,3.0,3,21,0.0,8.7,8,505492
1065,1,2.0,2,13,0.0,18.7,9,291271
921,2,1.0,1,48,1.0,36.5,3,125666
1935,2,3.0,2,13,1.0,13.4,1,310292
2428,2,1.0,3,43,2.0,20.2,1,333395
2810,4,3.0,1,15,1.0,38.4,7,435560
1525,3,,1,32,1.0,29.5,5,245872
2447,2,1.0,2,12,1.0,30.0,1,358020
1777,2,1.0,1,37,0.0,10.5,6,284253
1696,1,1.0,1,48,0.0,16.9,6,245635
2330,1,2.0,3,11,0.0,3.8,4,404554
2191,3,3.0,3,37,2.0,24.5,7,394358
854,3,2.0,1,38,2.0,4.6,7,282741
2686,5,1.0,1,32,2.0,33.5,9,464725
2628,1,3.0,2,32,0.0,32.7,1,351230
1425,5,2.0,2,28,1.0,21.6,5,297677
2037,4,3.0,1,4,2.0,6.1,10,432087
2096,5,2.0,3,5,2.0,1.5,3,409860
1956,2,1.0,1,30,0.0,32.0,7,314055
1470,5,2.0,1,15,2.0,24.2,4,265018
1397,3,3.0,3,30,1.0,28.6,4,241547
1785,4,3.0,3,24,0.0,12.5,1,318619
2504,2,3.0,2,47,0.0,20.6,1,327737
2126,5,3.0,2,45,1.0,30.0,10,395908
1578,4,1.0,2,32,1.0,18.8,2,273779
2263,4,2.0,2,12,1.0,24.3,2,370634
400,2,1.0,3,9,2.0,31.7,1,138625
2489,5,1.0,1,23,1.0,9.0,8,426977
756,4,1.0,2,9,0.0,3.1,6,269047
1583,4,3.0,2,40,1.0,21.5,6,300501
1128,1,3.0,3,30,0.0,3.0,10,302804
1023,4,3.0,3,12,0.0,30.8,10,285238
2496,1,2.0,1,2,2.0,28.9,9,435575
1519,5,3.0,1,49,1.0,35.3,5,231300
2008,5,2.0,3,33,2.0,25.8,4,352536
1772,5,3.0,2,48,1.0,3.2,6,303719
2086,3,3.0,2,27,1.0,10.5,8,439679
1846,5,1.0,2,18,1.0,32.4,1,284257
1030,4,1.0,1,22,1.0,7.1,7,282171
2398,2,1.0,2,44,1.0,28.1,8,380042
1504,1,2.0,2,31,0.0,31.3,9,265484
866,3,2.0,3,12,0.0,13.5,8,229298
1543,5,3.0,2,32,1.0,13.2,7,302271
2700,5,2.0,3,33,0.0,22.5,3,421039
2310,2,3.0,2,32,2.0,34.5,2,334810
1591,2,2.0,1,4,2.0,9.3,3,306242
1590,3,2.0,2,2,2.0,37.7,4,269590
1607,1,2.0,2,6,1.0,24.2,4,280525
3046,5,1.0,3,23,1.0,39.7,6,441721
2029,3,2.0,3,21,0.0,4.0,7,362519
2058,4,1.0,3,44,0.0,5.5,4,328181
2418,4,1.0,2,22,0.0,33.2,10,400819
1943,3,2.0,2,29,2.0,34.7,6,349711
1645,5,3.0,1,17,2.0,18.1,9,323780
1682,3,3.0,2,31,2.0,28.7,6,294078
1757,5,3.0,1,6,2.0,34.8,3,318101
1778,2,2.0,3,32,0.0,2.2,1,329853
2237,3,3.0,3,4,1.0,23.2,10,413847
1831,5,1.0,3,48,1.0,34.2,10,300323
2240,3,3.0,1,27,2.0,16.2,5,389184
1752,3,2.0,2,7,1.0,12.4,10,378344
1847,5,3.0,3,14,1.0,31.9,10,370646
601,5,1.0,2,3,1.0,13.8,3,195725
2350,1,2.0,2,33,2.0,0.6,8,432884
2008,3,3.0,3,4,0.0,38.4,10,392168
2399,4,2.0,1,32,0.0,23.9,1,337767
400,3,2.0,2,4,,32.9,2,145014
3053,3,2.0,3,37,0.0,33.1,3,413349
1716,5,3.0,2,33,0.0,3.1,3,315643
2465,3,2.0,2,25,2.0,7.2,8,456263
1176,3,3.0,2,0,2.0,12.8,5,245430
2168,4,1.0,2,3,1.0,13.2,8,426062
1168,5,3.0,2,38,1.0,26.5,6,233591
1426,3,1.0,1,25,1.0,25.1,2,184668
2948,2,3.0,1,32,2.0,20.0,4,439585
1686,1,2.0,3,32,0.0,8.8,9,311747
1930,4,3.0,1,7,2.0,15.6,4,311611
2322,3,2.0,1,19,2.0,22.0,5,351808
2097,2,1.0,1,15,0.0,19.0,5,372952
1890,3,3.0,2,20,0.0,5.5,10,376621
2019,3,2.0,2,44,1.0,26.2,8,342518
3242,5,1.0,3,25,0.0,3.4,6,496364
1765,5,1.0,3,22,0.0,15.4,10,419417
1921,5,3.0,3,17,0.0,28.5,7,357093
2430,2,1.0,2,30,0.0,1.3,6,379609
2463,3,2.0,1,41,1.0,23.0,5,386304
2512,1,1.0,1,11,1.0,13.7,5,440251
2183,4,1.0,2,0,0.0,0.8,3,373509
1114,5,2.0,3,41,0.0,8.0,7,244172
2780,5,1.0,3,8,1.0,37.7,10,530285
1112,3,1.0,3,2,1.0,21.1,5,238968
1982,3,1.0,2,25,0.0,39.9,7,300539
1347,2,1.0,3,8,2.0,21.2,2,181037
1762,2,2.0,3,41,1.0,22.0,9,316662
1997,5,1.0,2,15,1.0,16.0,8,349306
1993,3,2.0,1,23,1.0,12.7,5,325315
2053,1,1.0,2,49,0.0,10.4,2,226267
2768,4,1.0,2,13,0.0,14.1,6,480268
2072,3,1.0,2,2,1.0,18.7,8,347193
1654,3,1.0,2,33,0.0,8.1,7,259076
2378,2,2.0,1,32,0.0,9.4,8,373835
2514,4,2.0,3,49,1.0,11.2,4,418886
1063,5,2.0,2,23,0.0,18.2,3,205419
2158,3,3.0,1,8,2.0,26.3,7,373602
2221,5,1.0,3,12,0.0,34.3,2,342169
1621,3,1.0,3,1,0.0,11.8,5,309121
2625,5,2.0,3,6,1.0,7.8,7,510964
1710,4,3.0,2,47,1.0,15.5,1,255709
1875,2,1.0,2,20,2.0,35.8,4,273718
1696,4,2.0,3,18,0.0,0.9,2,366609
1809,1,1.0,3,24,2.0,27.3,6,295987
1142,2,1.0,3,46,2.0,19.3,1,175411
936,4,2.0,3,21,1.0,6.9,7,251864
2757,1,2.0,3,10,0.0,13.2,3,350328
1292,3,1.0,3,32,1.0,9.4,1,239962
1205,3,1.0,1,31,2.0,35.2,8,271472
508,5,2.0,3,20,2.0,19.5,7,232048
1417,2,1.0,2,38,1.0,22.7,2,190729
1006,3,1.0,2,19,1.0,24.0,7,219381
2785,2,2.0,2,7,1.0,25.8,3,416007
2406,3,1.0,3,41,1.0,20.1,9,407544
1387,5,1.0,2,36,1.0,1.2,8,330268
3151,4,3.0,1,8,2.0,13.7,5,514470
2389,5,2.0,3,24,1.0,7.8,7,426409
1605,1,3.0,2,24,0.0,27.4,3,244387
400,3,3.0,1,32,2.0,2.7,1,155060
3175,1,3.0,1,1,2.0,22.8,1,517799
966,1,1.0,2,18,0.0,8.8,2,164047
813,2,1.0,1,45,0.0,38.0,8,153717
2414,3,3.0,2,19,2.0,13.8,1,361812
3264,1,3.0,1,41,1.0,13.3,5,472432
2631,4,3.0,3,40,2.0,37.0,9,451598
2138,1,1.0,3,41,2.0,17.0,9,356020
2157,4,3.0,3,28,0.0,38.5,2,254672
2312,2,3.0,3,5,2.0,1.5,7,465478
2255,1,2.0,3,16,1.0,12.6,1,336602
1969,5,2.0,2,24,0.0,26.8,3,302873
1863,2,1.0,3,37,2.0,35.7,6,270537
1762,4,2.0,3,3,2.0,10.6,9,397631
1348,2,2.0,3,29,1.0,37.3,10,247337
1632,1,2.0,3,19,2.0,24.0,2,238265
784,3,1.0,1,2,2.0,32.1,7,169882
1741,3,2.0,3,22,2.0,16.2,4,291776
1207,4,1.0,3,17,2.0,8.9,2,259971
1138,4,3.0,2,25,1.0,36.5,3,164772
1908,3,2.0,1,35,2.0,37.4,6,324216
2635,4,1.0,2,7,2.0,20.2,10,446219
2351,2,2.0,3,16,2.0,0.8,9,451332
858,5,3.0,2,30,0.0,4.8,8,268793
1206,5,1.0,2,36,1.0,23.1,10,297261
2364,2,1.0,3,44,0.0,1.4,9,427599
1211,5,1.0,1,32,0.0,16.2,4,226093
1665,1,3.0,1,26,1.0,12.5,4,274413
2130,2,3.0,2,44,0.0,28.7,9,360842
1219,4,3.0,3,3,0.0,2.7,8,330487
1863,2,1.0,2,21,0.0,19.8,2,264334
1000,3,3.0,2,25,1.0,23.4,8,248662
1439,4,2.0,2,31,2.0,24.9,1,224299
1992,3,3.0,3,23,1.0,16.5,9,368555
844,4,1.0,3,45,1.0,12.5,9,218562
2064,5,2.0,1,34,1.0,27.5,8,371087
1788,2,3.0,3,36,0.0,34.0,5,249015
2131,1,2.0,2,31,2.0,27.9,5,346691
1934,4,2.0,2,6,1.0,37.3,3,290813
2618,4,1.0,1,32,1.0,28.8,5,327673
1875,3,2.0,3,30,2.0,30.7,4,309776
1542,5,2.0,2,11,2.0,7.1,1,225948
1873,3,1.0,1,10,2.0,17.1,9,339900
2126,3,1.0,1,23,0.0,19.7,10,439489
1829,5,1.0,2,7,2.0,10.6,4,373782
1824,1,2.0,2,31,0.0,21.4,3,288391
1379,3,2.0,3,37,1.0,12.0,6,243207
1402,3,2.0,1,21,0.0,27.7,1,202221
958,4,1.0,2,33,2.0,19.1,5,238734
2850,5,3.0,1,18,0.0,18.6,7,488826
1054,2,2.0,3,19,2.0,39.4,2,196707
1384,1,3.0,2,13,0.0,16.0,10,348947
1369,1,1.0,3,32,1.0,14.8,9,291761
2337,5,2.0,1,9,0.0,13.1,6,381940
1623,4,3.0,3,15,1.0,35.8,2,277459
2549,4,2.0,3,3,,20.1,8,455068
1396,5,2.0,1,26,1.0,24.2,8,258536
1967,4,2.0,3,27,2.0,7.6,1,347688
1299,1,3.0,1,42,2.0,21.9,1,214306
3087,1,1.0,2,15,1.0,11.3,1,423580
1087,2,2.0,1,32,1.0,29.4,4,188665
1986,5,1.0,1,47,0.0,33.4,4,230113
2180,3,1.0,2,18,0.0,28.7,8,390424
2048,3,3.0,1,20,1.0,29.3,1,313608
1689,2,3.0,2,21,1.0,20.7,10,345901
1722,2,1.0,2,8,1.0,28.6,3,237199
1826,4,2.0,1,8,1.0,17.2,1,257051
1712,2,3.0,3,8,2.0,26.2,9,396530
2378,2,2.0,3,26,1.0,10.7,10,405912
3126,3,2.0,2,16,1.0,3.3,9,539229
1466,4,2.0,3,43,1.0,16.8,7,261695
978,2,1.0,3,44,1.0,18.7,8,153441
1747,2,2.0,1,7,2.0,10.6,1,299602
3348,4,1.0,2,15,0.0,29.2,5,500469
1318,5,1.0,2,17,0.0,3.4,2,218008
2783,4,2.0,1,32,0.0,9.3,1,425976
2807,3,2.0,3,0,0.0,30.1,3,403527
1468,5,2.0,2,11,0.0,17.8,7,285527
2141,1,2.0,3,5,2.0,28.4,1,282224
2777,4,1.0,2,40,0.0,22.9,2,398652
1573,3,2.0,2,4,2.0,38.1,2,201930
1678,5,2.0,2,15,2.0,24.1,4,276619
1451,4,1.0,2,17,0.0,1.1,3,290978
1191,2,3.0,3,48,0.0,14.4,3,208546
1410,4,3.0,3,17,0.0,6.2,10,321176
1066,1,1.0,3,0,1.0,37.0,5,230500
1820,4,3.0,3,18,2.0,4.6,3,316515
1338,5,1.0,1,7,0.0,15.8,7,288327
1940,5,2.0,2,2,1.0,9.4,5,368363
866,4,2.0,2,24,2.0,33.9,4,171031
1999,5,3.0,2,4,1.0,12.7,3,360308
2300,2,2.0,1,39,1.0,39.7,4,298764
604,4,3.0,3,18,0.0,2.0,2,177275
2024,2,3.0,2,17,2.0,5.6,1,325733
2537,2,2.0,3,49,1.0,9.4,3,395366
1074,3,2.0,3,30,2.0,32.5,2,173287
2804,4,3.0,1,32,0.0,35.2,1,385122
2051,5,2.0,1,46,2.0,3.3,1,328504
1377,2,1.0,3,17,1.0,1.8,2,263422
1767,3,2.0,2,38,1.0,29.9,9,332367
2135,4,2.0,2,15,2.0,5.8,5,362542
1846,4,1.0,1,15,1.0,5.8,9,393027
2123,1,2.0,1,46,1.0,1.4,8,357011
1248,1,2.0,1,37,1.0,2.5,6,221685
1902,2,3.0,1,40,0.0,10.9,1,292216
952,1,2.0,1,6,0.0,3.1,10,257576
1733,2,2.0,1,13,1.0,15.1,5,315123
1258,5,1.0,1,42,2.0,33.4,1,114216
1359,2,3.0,2,47,0.0,13.4,7,273809
2542,1,3.0,1,24,2.0,29.2,10,484277
2455,5,3.0,1,31,1.0,4.2,8,449169
2165,1,2.0,2,37,1.0,26.5,8,335151
1145,2,3.0,2,21,2.0,13.0,7,252404
1610,3,1.0,3,15,0.0,30.1,2,258436
2528,4,3.0,1,28,2.0,5.9,5,420717
1885,1,1.0,1,15,2.0,36.0,4,288943
3192,2,3.0,1,11,1.0,10.1,5,539030
2036,5,3.0,1,16,0.0,14.4,10,431271
1915,1,1.0,3,36,2.0,38.0,9,303013
1615,1,3.0,2,26,0.0,23.4,4,227432
1880,4,3.0,2,24,1.0,14.9,8,356388
1709,2,3.0,1,12,0.0,38.0,8,293191
2225,3,2.0,1,7,1.0,13.5,2,320471
2374,5,1.0,1,4,0.0,4.2,6,456085
1328,2,3.0,3,11,2.0,39.9,5,254923
1001,5,1.0,3,40,1.0,11.1,2,172317
698,1,1.0,2,2,2.0,34.1,10,158326
2105,4,1.0,1,34,1.0,7.0,4,362363
1138,4,3.0,1,32,0.0,29.4,7,189591
508,3,3.0,1,21,0.0,21.2,1,117367
2033,4,1.0,1,49,1.0,39.2,9,308771
3296,1,2.0,3,43,1.0,22.3,10,520290
1796,3,1.0,2,8,1.0,1.5,1,328420
2303,2,2.0,2,40,0.0,24.4,5,314310
1849,4,1.0,3,17,1.0,6.2,7,387431
1741,3,1.0,1,49,1.0,32.0,8,270480
2351,1,1.0,2,28,2.0,34.3,2,305946
1626,5,3.0,2,38,1.0,19.5,4,289573
1960,5,2.0,3,26,2.0,31.4,2,362901
1993,1,2.0,1,35,2.0,6.2,4,315330
1399,1,1.0,2,44,2.0,19.9,6,192594
2395,5,3.0,1,16,0.0,16.1,6,397068
1695,3,3.0,2,33,2.0,24.6,2,283183
1347,5,2.0,3,45,1.0,2.3,4,265599
2122,1,3.0,1,2,0.0,30.2,4,323889
1261,4,2.0,3,4,0.0,3.6,1,246473
1817,2,2.0,2,13,0.0,26.4,2,200268
1795,4,2.0,3,2,0.0,1.2,3,325250
2452,4,3.0,3,22,0.0,33.4,5,379413
2085,1,2.0,3,38,0.0,7.4,8,314640
1785,5,2.0,2,29,0.0,20.9,6,291334
2291,3,1.0,1,49,2.0,10.8,3,327036
2634,4,2.0,3,44,1.0,29.0,6,389645
2135,5,2.0,1,22,1.0,13.2,7,400433
1806,3,1.0,2,26,2.0,29.1,6,294741
1013,4,1.0,1,9,2.0,11.8,10,296760
1161,3,3.0,3,24,0.0,30.2,6,212877
1617,5,2.0,3,12,0.0,1.7,1,308950
1434,2,3.0,3,15,2.0,11.7,3,310857
1688,5,3.0,3,40,0.0,20.2,7,326468
1834,1,1.0,3,33,1.0,2.3,4,298084
2118,3,3.0,3,36,1.0,7.8,4,331397
1758,2,2.0,2,21,0.0,37.4,7,287077
2092,3,1.0,2,16,0.0,39.1,9,341551
1839,3,2.0,2,22,0.0,29.7,2,282312
615,4,2.0,1,35,1.0,10.5,9,165026
1236,1,1.0,1,48,0.0,10.8,3,179280
1714,3,2.0,2,8,2.0,26.0,6,327895
1074,5,1.0,1,1,0.0,5.1,4,259519
2160,5,2.0,1,31,2.0,38.0,1,291045
2718,4,1.0,3,49,0.0,9.4,9,440385
2531,1,3.0,3,21,0.0,40.0,6,339401
1672,1,2.0,1,42,1.0,20.1,8,293182
2694,5,1.0,1,12,2.0,31.0,2,404697
1889,2,2.0,2,7,2.0,0.6,7,343197
1598,4,2.0,1,0,2.0,35.6,6,319438
1432,4,2.0,3,16,1.0,11.2,2,253322
1619,5,1.0,1,11,2.0,26.9,2,262597
1567,5,3.0,2,3,1.0,32.4,4,340172
1902,2,3.0,3,12,0.0,7.0,4,379042
1896,2,3.0,3,30,0.0,18.0,3,260428
1802,1,1.0,3,40,2.0,20.0,8,276235
2062,4,3.0,3,6,0.0,12.8,7,371542
2514,4,1.0,1,22,0.0,19.5,2,402288
2370,5,2.0,2,23,2.0,13.0,3,375923
909,1,2.0,1,4,0.0,14.7,10,210509
400,4,3.0,1,4,2.0,26.9,9,229803
2361,1,1.0,3,16,2.0,25.5,5,376488
980,1,2.0,2,29,0.0,9.7,2,229246
1665,5,1.0,3,8,0.0,36.0,3,288489
1098,1,1.0,1,5,0.0,34.6,8,214585
719,2,2.0,1,24,0.0,20.6,4,158062
2125,2,,3,18,0.0,17.6,2,303040
2255,3,2.0,1,15,1.0,15.4,2,379718
1454,5,2.0,1,20,0.0,28.4,6,307793
400,3,2.0,3,1,1.0,27.0,8,141981
1472,2,1.0,1,9,2.0,8.2,7,328760
2035,3,2.0,2,15,0.0,27.0,4,293399
913,5,1.0,3,36,0.0,10.5,2,247755
1910,5,2.0,2,14,0.0,1.2,9,443678
1791,1,2.0,1,12,2.0,28.1,4,253469
2148,4,3.0,1,12,1.0,26.0,9,403930
1872,1,3.0,3,31,1.0,16.7,5,334446
1216,5,3.0,1,44,0.0,21.3,7,233850
2518,2,1.0,3,46,0.0,37.9,5,298725
1705,2,1.0,3,45,0.0,24.0,2,232615
1784,1,2.0,3,7,0.0,26.5,6,300020
1240,5,2.0,3,42,2.0,3.0,7,270611
1534,2,2.0,3,17,0.0,7.1,6,333101
1269,5,2.0,2,35,2.0,12.4,3,216989
1696,2,1.0,3,25,0.0,21.8,10,319643
2827,5,2.0,2,9,1.0,31.2,8,475926
977,3,2.0,1,30,1.0,13.2,3,200164
832,5,3.0,3,32,0.0,14.6,5,242425
2683,5,2.0,1,28,0.0,10.6,9,461796
1674,1,2.0,3,4,2.0,10.6,5,253408
1399,3,2.0,2,12,0.0,38.0,7,247387
2424,4,1.0,2,0,0.0,25.6,7,429614
1437,1,3.0,2,22,0.0,6.7,5,268005
2896,4,2.0,1,39,1.0,29.0,2,386411
2207,2,2.0,3,2,2.0,29.0,5,377636
1507,4,3.0,1,2,1.0,26.8,7,327283
3094,5,2.0,2,6,2.0,5.8,7,495534
1437,4,1.0,1,35,1.0,16.6,4,248498
2245,1,2.0,2,34,0.0,4.7,1,313875
1980,1,1.0,2,14,1.0,32.8,6,308692
2581,4,1.0,2,39,1.0,26.4,3,313813
2737,1,2.0,3,2,2.0,20.5,5,465904
1819,1,3.0,3,28,2.0,14.0,4,306199
1348,4,1.0,2,29,1.0,7.8,2,253612
2076,3,3.0,1,38,2.0,4.7,7,421011
1393,3,2.0,1,17,2.0,38.8,5,249593
3008,2,1.0,3,10,2.0,8.4,7,457887
1882,1,2.0,2,42,2.0,2.9,9,350572
1581,4,3.0,1,48,2.0,38.5,4,255640
1911,1,2.0,2,37,1.0,22.2,5,292137
992,5,2.0,1,39,2.0,32.0,9,275626
1217,1,1.0,3,0,0.0,2.2,10,287302
2520,1,2.0,2,28,1.0,22.9,4,393016
1406,3,2.0,2,9,1.0,16.2,5,301236
1172,4,2.0,1,27,1.0,31.0,5,220053
2122,1,1.0,1,30,2.0,2.0,8,382896
2511,3,3.0,1,18,0.0,16.4,4,368178
2231,2,3.0,2,2,2.0,32.1,4,348188
2398,3,2.0,3,35,1.0,21.1,7,404924
1346,3,1.0,3,42,1.0,22.2,5,228643
947,3,2.0,1,14,1.0,4.3,6,245029
2701,1,3.0,3,32,1.0,5.7,6,458517
1606,1,1.0,1,40,2.0,27.2,6,200224
1650,2,3.0,3,42,0.0,27.2,10,314628
2597,5,3.0,2,44,0.0,39.2,5,418682
2134,5,1.0,1,25,1.0,28.6,5,331194
2074,5,1.0,3,15,0.0,20.0,9,363242
3099,2,2.0,2,35,1.0,34.4,8,442106
1414,5,2.0,3,32,1.0,4.6,4,251000
2357,5,3.0,2,19,0.0,18.2,7,422976
1834,3,1.0,2,12,1.0,11.8,8,354701
1961,1,1.0,3,32,0.0,4.6,9,364557
2717,1,2.0,3,4,1.0,30.7,5,405181
2105,3,3.0,2,36,0.0,20.7,3,321047
2123,3,3.0,2,13,1.0,22.5,4,361581
2444,3,2.0,2,26,0.0,16.7,10,398762
1581,1,1.0,1,22,1.0,18.7,6,277551
1296,5,2.0,2,13,1.0,5.1,10,377458
1173,3,2.0,1,39,1.0,27.1,5,181010
620,2,2.0,2,3,0.0,17.6,9,220058
3034,3,2.0,1,38,2.0,32.8,3,440071
1138,4,1.0,2,18,1.0,8.3,2,198113
1667,3,2.0,2,46,1.0,8.6,6,318717
1634,1,,2,3,0.0,26.0,7,283808
1984,3,2.0,3,29,1.0,33.9,5,334441
2289,4,3.0,3,18,1.0,19.2,1,335194
2316,2,1.0,2,30,1.0,29.2,3,318906
1450,5,3.0,1,30,1.0,40.0,3,193096
1700,3,2.0,1,8,2.0,39.6,4,284276
1970,4,2.0,2,12,2.0,29.9,10,393912
1651,4,2.0,3,13,1.0,29.7,6,320344
2764,2,1.0,1,45,1.0,10.3,5,414097
2095,1,3.0,3,9,1.0,33.4,1,292836
2241,3,1.0,1,47,2.0,16.5,6,312918
2198,4,1.0,2,30,2.0,38.5,9,390781
2504,2,2.0,3,36,0.0,3.7,1,360555
1909,5,3.0,1,22,0.0,17.7,8,376497
1022,4,2.0,2,26,1.0,22.5,8,239914
2040,2,1.0,2,5,1.0,16.5,3,376491
1409,1,2.0,2,25,2.0,8.8,9,288184
1483,1,3.0,3,1,1.0,23.9,8,291002
2152,4,2.0,3,44,1.0,30.4,3,272039
2543,4,3.0,2,12,2.0,26.0,10,466223
1813,3,3.0,3,49,2.0,9.8,5,364251
1985,2,2.0,1,18,2.0,29.4,3,300064
2821,4,1.0,2,0,2.0,10.6,5,479266
1944,3,2.0,2,39,0.0,7.4,9,386434
3361,3,1.0,3,31,2.0,27.8,4,475802
2139,4,1.0,2,21,2.0,33.8,6,377114
744,1,2.0,1,47,1.0,19.5,3,157337
2252,2,1.0,3,28,1.0,21.5,3,313981
2029,2,1.0,3,1,1.0,12.5,5,322095
2574,1,2.0,2,39,0.0,20.0,8,410946
2204,4,2.0,2,37,2.0,5.7,8,414665
1717,2,2.0,2,47,2.0,38.3,3,203202
1065,4,1.0,3,10,0.0,32.1,8,225728
1675,4,3.0,2,16,2.0,26.9,8,319194
1290,3,1.0,1,42,1.0,21.8,3,204011
1452,1,3.0,2,7,,31.8,10,319151
2153,4,2.0,2,21,2.0,20.0,10,437748
2802,5,3.0,3,3,0.0,12.3,2,472780
2037,1,2.0,2,10,0.0,6.8,10,385862
1082,2,2.0,3,7,2.0,26.1,2,257980
2067,3,3.0,2,8,1.0,37.2,9,371823
2518,2,2.0,1,25,2.0,6.6,7,415085
1434,2,3.0,1,1,2.0,7.6,6,277628
1720,1,2.0,3,15,1.0,17.6,7,307721
1809,2,1.0,3,30,2.0,32.4,8,318468
1329,4,1.0,2,5,2.0,12.1,1,212166
2189,2,2.0,2,20,2.0,10.5,8,373029
1727,3,2.0,1,25,0.0,25.0,3,252625
2052,3,3.0,2,18,0.0,21.7,3,305136
1268,5,1.0,1,27,0.0,2.9,6,256036
1538,3,3.0,3,7,2.0,3.7,4,350740
2233,2,2.0,2,13,1.0,25.9,4,303196
1576,3,2.0,3,23,0.0,18.9,4,278532
2836,1,3.0,2,47,1.0,38.9,10,431738
1560,3,2.0,1,43,2.0,27.3,9,276471
1935,4,1.0,3,36,0.0,0.9,8,364757
2360,1,3.0,3,25,2.0,19.5,3,355383
949,5,1.0,2,30,1.0,16.9,1,195429
744,4,1.0,3,31,0.0,4.7,1,201516
885,2,1.0,1,49,0.0,37.0,1,59490
2558,2,3.0,3,40,0.0,32.3,4,331553
1469,2,2.0,3,1,0.0,9.6,6,283336
3335,4,1.0,2,24,1.0,10.6,4,499359
1461,4,1.0,3,43,0.0,1.8,3,251033
1911,4,1.0,2,1,2.0,12.2,8,404718
2725,1,2.0,2,41,0.0,23.6,8,388331
3004,1,,3,0,1.0,17.1,6,453547
3037,2,3.0,1,35,0.0,38.8,9,424671
2525,3,2.0,2,11,1.0,2.7,10,480922
2414,2,3.0,3,8,1.0,23.9,1,380838
2156,5,3.0,2,35,2.0,34.4,8,372446
2267,1,3.0,1,40,0.0,19.5,6,326854
1469,4,3.0,1,27,0.0,0.6,1,238313
1309,1,3.0,2,37,0.0,10.1,4,265195
1798,4,1.0,1,32,2.0,13.3,5,270000
1698,5,2.0,3,41,2.0,38.7,7,291210
1528,5,1.0,3,45,1.0,36.5,8,291588
2218,1,3.0,2,21,1.0,38.0,9,355255
2373,4,2.0,1,24,1.0,33.1,6,356348
1853,5,1.0,3,17,2.0,14.4,10,406872
2687,2,1.0,3,5,2.0,36.3,9,411114
1115,2,3.0,3,17,2.0,39.3,4,158064
1684,4,1.0,2,15,1.0,14.3,8,348894
1370,1,1.0,2,14,2.0,10.8,3,219721
680,5,1.0,3,47,1.0,22.1,4,158448
1750,1,1.0,3,7,1.0,7.9,10,359827
1727,2,1.0,1,12,0.0,1.8,4,312277
2708,5,3.0,1,42,0.0,37.9,6,390701
2178,1,3.0,1,6,0.0,37.1,9,375206
1185,3,1.0,2,16,1.0,6.9,6,246883
2912,4,3.0,3,49,0.0,16.6,1,421017
2533,4,3.0,2,31,0.0,33.3,5,348585
2149,3,2.0,3,21,0.0,26.6,9,407412
1664,2,1.0,1,12,2.0,16.1,5,347043
1224,5,3.0,1,46,1.0,29.9,6,234381
1577,4,3.0,1,22,0.0,35.9,3,285730
2453,3,1.0,1,28,2.0,37.1,8,425275
2931,3,2.0,3,21,2.0,15.5,10,499570
2726,2,1.0,1,0,2.0,7.4,4,439277
1507,2,2.0,3,28,0.0,36.6,4,206414
1128,1,1.0,3,47,2.0,4.2,5,199113
1885,4,1.0,2,4,1.0,29.0,10,375856
739,1,1.0,1,34,2.0,6.0,9,167102
1994,3,1.0,1,9,2.0,15.9,8,394216
1711,5,2.0,2,18,2.0,16.8,7,351220
1520,5,2.0,3,36,2.0,6.8,5,325922
843,2,3.0,1,6,1.0,36.9,9,209812
2108,5,1.0,3,45,0.0,0.6,9,417384
1480,5,2.0,2,34,1.0,35.8,10,304529
1098,5,2.0,3,44,1.0,35.4,10,260730
400,3,2.0,1,12,0.0,13.0,2,148213
1783,5,1.0,3,9,2.0,28.3,4,285816
2863,5,3.0,3,1,0.0,10.5,8,501396
2797,5,2.0,1,5,0.0,30.5,1,458274
1526,1,1.0,1,7,1.0,22.7,5,265975
1439,3,2.0,3,35,0.0,12.4,8,249682
2081,2,2.0,3,24,2.0,16.3,2,278907
1201,1,3.0,2,43,1.0,27.8,2,168916
1981,4,2.0,1,46,2.0,36.3,8,308817
2260,3,2.0,3,39,1.0,5.7,10,400403
2536,3,1.0,1,6,2.0,23.1,9,484165
1740,4,1.0,2,45,0.0,10.5,7,302278
1678,4,3.0,3,22,0.0,32.2,8,337829
1273,4,1.0,3,18,0.0,3.3,5,282927
1304,2,1.0,3,45,2.0,27.7,1,170022
1664,5,3.0,1,21,1.0,7.4,4,294135
2020,3,2.0,2,12,1.0,24.1,2,331795
2348,5,3.0,1,20,1.0,33.5,3,298904
1318,5,1.0,3,0,0.0,30.3,3,269450
2696,4,3.0,2,18,2.0,30.2,9,464694
1637,2,2.0,3,32,1.0,21.0,10,336711
1787,1,3.0,3,3,2.0,35.7,4,292429
1352,2,1.0,1,41,1.0,23.7,2,157847
400,5,1.0,3,2,0.0,36.7,3,136126
2330,2,3.0,2,26,2.0,22.1,3,373342
2242,4,2.0,3,40,1.0,20.5,7,364346
1631,1,3.0,3,34,1.0,9.3,8,332655
1840,4,2.0,1,27,1.0,22.0,6,327909
2110,1,2.0,2,5,1.0,6.1,4,369832
862,5,3.0,1,5,0.0,34.9,6,191229
1483,1,2.0,3,43,1.0,27.2,1,226466
2277,1,1.0,1,22,1.0,39.7,10,364165
1047,1,3.0,1,32,0.0,4.1,8,263477
1976,2,2.0,1,15,1.0,10.0,1,294923
986,2,1.0,1,23,2.0,35.1,5,200462
2080,5,3.0,3,4,2.0,16.1,2,359266
1779,1,1.0,3,40,1.0,18.9,6,261761
831,3,1.0,2,41,0.0,34.5,9,224363
2499,5,1.0,1,12,0.0,21.1,5,343077
1359,1,2.0,1,46,0.0,8.1,4,294243
1314,1,3.0,2,11,1.0,35.7,2,218703
1920,2,3.0,1,4,1.0,1.7,3,336380
2489,5,2.0,2,36,2.0,35.9,6,394652
1191,1,3.0,3,30,0.0,2.5,8,289676
1837,1,1.0,2,27,1.0,26.8,8,296628
2057,5,3.0,1,27,1.0,3.3,5,430459
2216,3,2.0,2,29,1.0,28.4,5,378100
1906,5,1.0,3,17,0.0,1.8,10,476812
1580,5,2.0,1,43,0.0,33.8,3,202672
1303,3,1.0,3,26,2.0,18.9,7,275039
1852,5,1.0,3,34,0.0,4.2,6,312640
1157,1,3.0,2,25,1.0,28.4,1,144390
400,5,1.0,3,38,2.0,19.8,4,129903
2062,3,2.0,1,48,0.0,8.0,6,328464
2342,4,3.0,3,17,0.0,1.1,6,439352
400,5,2.0,3,32,0.0,17.0,3,131917
1194,2,1.0,2,24,0.0,3.9,6,269875
2171,1,2.0,3,30,1.0,4.2,10,412222
3034,1,2.0,2,36,0.0,11.1,6,488339
1812,2,1.0,2,1,1.0,25.4,9,365213
1363,2,3.0,1,32,1.0,21.4,9,247163
1690,5,2.0,1,38,1.0,3.2,2,289157
2625,2,1.0,1,42,2.0,38.8,4,339111
1412,4,3.0,1,42,1.0,35.5,9,279373
1320,3,3.0,2,31,0.0,10.7,4,277331
1510,2,3.0,3,17,2.0,5.3,8,343009
1228,2,2.0,1,16,0.0,37.7,10,262827
1874,4,2.0,1,33,1.0,18.7,3,268704
2775,1,2.0,1,38,0.0,12.8,3,369110
1994,1,3.0,3,6,2.0,19.9,9,335255
1649,5,2.0,1,41,2.0,31.0,10,331444
1625,4,1.0,3,34,0.0,7.2,8,346700
862,3,2.0,2,29,0.0,30.8,1,101152
2330,3,2.0,2,11,0.0,30.1,10,412490
1753,4,3.0,2,34,2.0,21.8,2,280532
1692,3,2.0,3,10,1.0,34.7,3,314165
3716,1,1.0,1,43,0.0,5.7,2,462265
1979,3,3.0,1,3,1.0,24.0,3,349732
1349,3,1.0,1,24,2.0,18.2,8,307474
1544,4,3.0,1,47,0.0,17.2,6,270358
2489,4,3.0,1,31,0.0,10.5,7,429386
1868,3,2.0,3,19,2.0,15.2,10,409184
937,2,1.0,2,49,0.0,4.8,10,203698
2352,4,3.0,1,30,1.0,10.4,6,391848
1399,5,2.0,2,3,2.0,11.2,1,281986
2924,5,3.0,3,37,2.0,29.0,3,482728
2448,1,3.0,3,46,0.0,2.4,1,335743
1532,3,3.0,1,0,2.0,26.2,10,333743
2569,2,3.0,3,2,,9.2,9,508242
1841,1,3.0,2,36,0.0,3.7,9,364460
2312,3,3.0,1,21,2.0,12.4,5,445491
2091,4,2.0,1,16,0.0,9.4,4,383782
1292,5,3.0,2,13,1.0,22.3,9,308254
1414,2,1.0,1,40,1.0,14.6,9,266533
2418,5,2.0,1,34,0.0,38.7,3,313957
1599,4,1.0,2,12,1.0,38.6,5,236630
1558,3,3.0,1,34,0.0,18.0,3,260818
1227,4,1.0,1,42,1.0,31.9,10,264246
2054,4,3.0,2,1,2.0,1.0,2,398748
3038,5,3.0,3,46,0.0,22.1,1,415807
1159,2,2.0,2,12,0.0,29.9,10,307800
1815,4,2.0,1,15,0.0,9.1,2,272679
2647,5,3.0,2,17,0.0,2.9,8,449214
1752,2,2.0,1,6,0.0,6.7,8,328387
2071,3,1.0,1,44,0.0,18.0,3,293190
1163,3,2.0,2,35,2.0,20.5,7,216827
2057,1,2.0,1,40,2.0,15.5,7,368194
1688,5,1.0,3,29,1.0,17.9,2,262133
2391,2,2.0,1,41,0.0,19.1,9,361523
2512,4,3.0,2,40,1.0,30.9,3,385530
3354,3,1.0,3,6,1.0,4.7,2,510249
2148,2,3.0,3,14,2.0,30.9,3,351441
1995,5,1.0,1,39,1.0,27.7,2,284616
1917,1,3.0,2,18,2.0,29.8,8,341896
1588,3,3.0,1,42,1.0,29.5,5,218666
2003,2,2.0,1,36,0.0,19.1,3,284642
1623,2,3.0,2,1,1.0,8.9,5,296354
1901,2,2.0,2,41,2.0,21.7,8,375544
2591,5,1.0,1,47,2.0,38.3,7,416377
1196,5,3.0,3,12,2.0,23.7,6,264761
2484,5,3.0,1,39,1.0,0.9,1,382378
2590,4,1.0,3,40,1.0,2.9,10,461534
1729,2,1.0,1,42,2.0,39.7,1,258971
527,3,3.0,2,42,0.0,3.3,1,139324
1435,5,1.0,3,30,0.0,2.3,10,329062
2578,5,2.0,2,15,1.0,14.4,8,464884
1786,2,1.0,2,41,1.0,38.8,8,237847
1200,5,1.0,2,43,2.0,13.1,7,260877
1497,4,3.0,2,5,1.0,16.7,6,290098
2304,4,2.0,2,27,1.0,25.5,4,310714
2128,5,1.0,1,31,2.0,1.5,1,393951
1657,2,2.0,3,43,2.0,36.0,9,286480
1580,2,2.0,1,9,1.0,21.0,1,226672
1565,2,2.0,1,49,0.0,18.9,4,190855
1247,1,3.0,1,17,1.0,34.5,3,189011
2769,5,1.0,2,3,0.0,38.1,7,435658
1607,2,3.0,1,8,0.0,17.2,5,311881
2530,4,1.0,3,6,0.0,7.3,5,408422
2713,3,1.0,1,49,2.0,32.7,4,349010
2399,3,3.0,2,7,2.0,16.4,1,352820
1541,2,2.0,3,42,2.0,37.5,5,230491
2042,3,2.0,3,6,1.0,38.0,4,271812
1785,3,1.0,3,40,2.0,5.0,10,342599
1258,1,3.0,3,39,2.0,38.3,8,244151
1995,4,2.0,1,2,1.0,15.0,2,305348
1093,4,2.0,2,16,1.0,26.0,8,281656
2513,1,1.0,3,1,0.0,1.9,1,404638
1521,1,1.0,3,14,1.0,35.6,4,257457
1921,3,3.0,2,45,1.0,25.8,3,283106
1970,5,1.0,1,28,2.0,25.9,5,324956
1645,3,2.0,3,49,0.0,36.1,5,250045
2152,1,2.0,1,47,0.0,20.6,5,337079
1515,4,2.0,1,21,1.0,16.7,4,307566
2323,3,2.0,1,3,2.0,34.7,8,354409
992,5,3.0,1,5,2.0,29.8,3,196993
1876,3,3.0,3,37,2.0,38.0,4,258474
2963,2,1.0,3,25,2.0,37.6,1,397820
1200,3,1.0,1,10,1.0,15.6,7,246591
1393,1,1.0,1,25,2.0,18.2,1,199384
2108,4,3.0,2,16,0.0,10.6,2,391383
1908,4,2.0,2,23,0.0,26.6,7,361359
2010,1,1.0,2,27,1.0,14.9,1,315001
2094,2,2.0,3,34,2.0,31.6,3,282371
2181,1,1.0,2,30,2.0,5.3,6,293463
2466,3,1.0,3,12,2.0,5.1,6,423563
2046,1,1.0,3,34,2.0,8.6,6,306044
1655,1,1.0,3,15,1.0,3.8,2,229784
2204,2,1.0,3,14,2.0,25.0,2,354555
2940,3,2.0,2,42,1.0,6.3,6,436215
1720,5,1.0,1,17,2.0,6.8,10,360759
1215,5,2.0,1,46,2.0,1.1,5,254697
2464,4,3.0,1,36,0.0,31.4,7,424383
1728,1,1.0,2,47,1.0,32.6,7,252114
496,4,2.0,1,47,0.0,6.9,5,173708
2308,2,3.0,2,48,1.0,29.7,8,350364
1479,5,3.0,2,40,2.0,17.6,10,291507
1746,1,3.0,2,26,2.0,10.0,6,289390
1999,2,2.0,1,34,1.0,25.0,5,303641
1914,2,1.0,1,44,0.0,7.6,4,293482
2226,1,1.0,1,34,1.0,30.4,7,340453
1539,2,2.0,3,27,1.0,2.4,4,301352
2108,1,,2,38,2.0,38.4,5,310669
1644,1,2.0,3,37,0.0,3.3,5,266775
2243,3,1.0,2,8,1.0,23.4,1,374593
2169,4,3.0,1,11,0.0,36.1,1,357170
1239,2,1.0,2,14,0.0,1.0,3,228580
2452,2,2.0,2,20,1.0,20.2,3,344056
1478,3,2.0,3,34,0.0,14.3,2,196702
2285,3,3.0,2,41,2.0,23.4,2,334418
2020,3,2.0,1,32,2.0,9.4,6,364847
2903,5,1.0,2,18,,3.1,1,436071
1666,5,1.0,2,22,2.0,25.2,6,317343
1590,5,3.0,2,12,0.0,17.0,5,280906
1788,1,2.0,3,43,2.0,25.1,6,308461
1618,2,3.0,2,0,1.0,8.8,5,309672
2280,4,1.0,2,28,2.0,13.9,7,403794
830,1,3.0,3,23,1.0,22.7,1,152150
1168,2,2.0,3,15,1.0,23.9,3,163732
1159,2,3.0,3,24,2.0,15.2,6,275559
2370,3,2.0,3,22,2.0,11.6,1,344668
2826,3,2.0,1,27,0.0,11.3,7,455960
1737,1,1.0,1,46,1.0,7.4,4,229732
1699,3,1.0,2,15,2.0,13.4,3,283330
1842,2,1.0,1,42,0.0,8.4,10,345758
2497,3,2.0,2,37,2.0,25.5,9,386069
1244,5,3.0,1,10,2.0,23.0,1,211150
1943,3,2.0,3,2,2.0,15.6,8,391071
2385,2,1.0,3,14,1.0,13.4,1,347371
2101,1,1.0,1,0,2.0,9.9,5,368983
1914,4,3.0,1,6,0.0,21.7,10,376579
2401,3,1.0,2,0,2.0,36.8,8,418918
400,2,1.0,2,48,2.0,27.6,6,93248
2207,4,1.0,2,31,0.0,29.9,7,365977
1408,4,3.0,3,8,0.0,33.5,8,272850
702,5,2.0,3,28,1.0,14.4,6,195135
2107,4,1.0,3,25,1.0,3.0,6,403098
2624,2,3.0,3,22,1.0,25.1,6,399607
1718,2,1.0,2,44,1.0,8.0,5,255294
2372,3,3.0,3,42,0.0,23.0,8,431594
2767,3,1.0,3,28,2.0,29.7,2,381440
2589,3,3.0,3,37,2.0,31.5,7,418980
2784,4,1.0,3,32,2.0,12.4,4,376091
2245,4,2.0,1,6,1.0,20.7,1,378217
1845,5,1.0,2,11,0.0,25.0,5,389145
839,3,3.0,2,30,0.0,32.9,3,182409
1652,1,1.0,3,31,0.0,30.6,4,271139
1294,5,2.0,1,19,2.0,39.5,7,247679
3103,1,1.0,2,16,1.0,0.8,5,484974
1694,4,3.0,2,35,0.0,17.8,4,301367
1874,5,3.0,3,2,1.0,10.6,1,323710
2131,5,2.0,3,0,0.0,5.2,6,412752
1826,2,3.0,2,49,1.0,36.5,10,282257
2817,4,1.0,2,26,0.0,39.9,6,394877
1426,4,1.0,1,46,1.0,7.6,7,299341
1917,5,1.0,2,39,0.0,2.0,1,260740
1355,4,3.0,2,32,0.0,11.4,4,284523
1008,5,1.0,3,19,1.0,33.5,9,208209
1433,2,1.0,2,13,1.0,12.1,10,318401
1778,5,1.0,3,35,2.0,2.7,6,353298
1542,4,2.0,2,4,1.0,2.6,2,316950
1385,4,3.0,2,22,0.0,17.4,4,259757
956,5,3.0,2,44,0.0,37.3,6,163067
1750,5,3.0,1,14,1.0,11.8,4,337338
897,5,2.0,3,5,2.0,17.4,10,345414
2256,3,3.0,1,32,1.0,4.5,7,398774
1849,4,2.0,2,18,0.0,20.0,3,282707
925,4,2.0,1,12,0.0,28.0,6,198557
1614,3,3.0,3,28,2.0,11.2,4,305477
1349,5,1.0,2,5,1.0,12.2,3,268299
1992,2,1.0,1,14,0.0,33.8,3,268554
2604,5,,1,15,0.0,0.9,2,460834
675,5,3.0,3,23,0.0,25.6,3,181759
1869,3,2.0,1,22,1.0,16.1,10,362431
1704,4,3.0,3,47,1.0,12.3,1,266970
2203,5,2.0,2,9,2.0,26.5,3,367854
1928,4,3.0,2,40,0.0,33.5,9,348154
1349,1,1.0,1,40,0.0,22.6,4,228081
1609,4,1.0,2,48,2.0,1.7,3,269938
1322,2,3.0,2,16,0.0,18.7,8,255338
2446,2,2.0,1,48,2.0,18.8,1,309201
1813,5,1.0,2,43,2.0,22.0,5,282975
2941,4,2.0,1,44,0.0,27.0,1,341631
1764,5,3.0,3,29,1.0,1.3,7,406903
1375,3,3.0,3,43,1.0,20.3,5,271165
892,2,1.0,3,45,1.0,23.7,2,80817
718,5,3.0,1,9,1.0,14.1,1,188429
850,3,1.0,1,18,0.0,26.9,7,182973
1960,5,2.0,2,28,2.0,9.5,1,312366
2105,4,1.0,2,1,2.0,13.0,3,303011
851,4,1.0,2,35,0.0,38.5,6,162230
2337,4,2.0,2,18,1.0,14.2,6,405793
1510,4,1.0,2,6,2.0,14.2,7,294117
1888,1,1.0,1,25,0.0,24.0,1,285594
2767,3,3.0,1,14,0.0,38.9,7,439983
2338,3,2.0,3,46,1.0,39.3,2,274517
1639,4,1.0,3,37,0.0,23.4,6,307847
1265,1,2.0,3,2,2.0,0.5,8,301581
509,4,2.0,3,37,2.0,36.1,5,161033
1369,1,1.0,1,15,0.0,23.0,10,238112
1673,4,3.0,1,1,2.0,15.0,3,322715
1208,2,2.0,1,30,0.0,33.3,8,191637
1721,2,1.0,2,27,2.0,16.3,8,298875
1846,5,2.0,2,6,1.0,1.8,4,316075
1665,4,3.0,3,29,2.0,32.9,8,287450
1410,3,3.0,2,42,1.0,22.1,5,217300
1901,5,3.0,1,6,1.0,13.9,5,329824
2065,2,1.0,3,35,0.0,10.4,3,316420
1146,4,1.0,3,28,1.0,24.0,7,200204
2647,5,3.0,2,23,2.0,8.7,9,498280
1741,4,1.0,3,38,2.0,13.3,9,370911
1811,2,3.0,2,3,1.0,25.6,1,259966
2225,5,1.0,2,28,0.0,35.3,1,299686
1940,2,3.0,3,43,1.0,21.5,10,344377
2372,1,2.0,2,4,2.0,30.5,5,358011
1972,2,3.0,2,28,2.0,30.6,1,212624
1433,4,3.0,2,29,1.0,26.7,4,226521
2017,3,1.0,2,28,1.0,10.2,1,340048
1114,2,1.0,3,25,1.0,34.7,2,174141
1865,3,1.0,1,18,2.0,17.7,2,286983
1780,1,1.0,1,25,2.0,2.2,4,251220
1675,5,1.0,2,36,2.0,10.2,8,354201
1723,5,1.0,2,26,0.0,30.7,2,236445
671,3,,2,29,2.0,3.2,9,203624
1471,5,3.0,1,29,2.0,6.3,9,315480
1856,2,3.0,2,2,0.0,27.9,2,301768
1896,3,3.0,3,42,0.0,35.8,1,247299
1183,4,2.0,3,6,0.0,25.5,10,315924
2559,2,3.0,3,48,0.0,9.3,10,464153
1280,2,2.0,1,8,0.0,2.6,9,287034
2382,2,2.0,2,40,0.0,24.8,2,315537
2056,4,2.0,2,41,1.0,2.4,8,377724
1412,1,3.0,2,12,1.0,24.7,3,203573
2865,5,2.0,1,14,1.0,9.4,1,406659
1084,3,3.0,1,4,1.0,36.2,1,178003
2351,1,3.0,1,28,2.0,19.3,10,406653
2400,3,1.0,1,34,0.0,9.3,2,344051
1398,5,1.0,3,26,2.0,34.2,7,272684
2635,4,2.0,1,26,0.0,10.5,6,408656
1650,2,2.0,1,7,0.0,12.6,2,325817
1973,2,3.0,1,31,2.0,33.5,4,298500
1956,4,2.0,2,19,1.0,12.7,2,309209
1719,1,2.0,2,9,2.0,16.7,1,280235
2286,1,3.0,2,12,2.0,14.2,3,341948
2276,3,2.0,3,28,0.0,5.1,4,374953
751,4,2.0,3,34,0.0,2.0,10,262469
2583,1,3.0,1,7,0.0,29.1,5,398707
803,4,3.0,2,28,1.0,26.0,5,158693
2420,5,1.0,3,30,2.0,11.7,7,502590
2476,2,3.0,2,40,2.0,12.2,10,464404
1145,2,1.0,3,29,1.0,37.8,8,266421
1554,2,2.0,3,21,2.0,39.5,9,282849
1137,4,3.0,1,20,2.0,19.2,7,272758
1671,4,3.0,1,11,0.0,32.2,5,292242
1615,3,3.0,3,10,1.0,29.6,9,316746
2268,2,2.0,1,1,0.0,12.2,8,425810
2586,3,1.0,3,49,1.0,2.8,10,426931
2637,2,2.0,3,40,0.0,6.1,9,459749
1463,3,2.0,2,1,2.0,33.6,10,305753
1674,3,3.0,1,33,1.0,29.4,8,310137
790,5,1.0,1,2,1.0,26.7,6,248421
1316,3,2.0,1,15,0.0,5.7,4,258661
2379,4,3.0,2,3,1.0,25.8,9,457609
2769,3,2.0,2,22,2.0,31.0,9,438299
1059,2,2.0,2,49,2.0,34.5,10,187753
1445,3,3.0,1,19,2.0,1.0,10,392252
1784,1,3.0,1,24,0.0,27.5,9,330886
1968,2,1.0,1,29,1.0,1.3,10,375830
1314,1,2.0,2,17,0.0,28.4,3,222187
2054,2,,2,41,2.0,25.6,3,274812
1516,4,,3,10,1.0,6.4,6,345400
1791,4,1.0,2,28,2.0,30.8,6,309042
2128,4,1.0,3,16,1.0,3.2,6,411396
1804,1,3.0,1,25,1.0,33.1,5,315292
1538,5,1.0,2,22,0.0,10.8,5,333717
1734,2,3.0,1,47,1.0,27.7,2,200523
1747,4,2.0,1,19,2.0,37.0,7,258178
1578,2,1.0,1,44,1.0,13.9,4,252017
1645,1,2.0,1,1,2.0,20.4,3,281154
2759,5,2.0,2,23,0.0,18.8,8,435809
2137,1,2.0,1,30,2.0,6.7,4,315278
1623,2,3.0,3,26,1.0,23.8,4,253341
2218,5,2.0,2,1,2.0,29.8,8,445884
1600,5,2.0,1,13,2.0,36.7,1,238378
2504,1,2.0,2,3,1.0,34.1,9,373008
2022,4,3.0,3,48,2.0,20.6,7,351835
1736,2,2.0,1,12,1.0,28.9,2,259054
2069,3,2.0,3,35,0.0,32.1,6,294736
857,3,1.0,1,34,2.0,20.0,8,223067
1124,1,3.0,3,43,0.0,5.1,5,250015
1084,2,2.0,1,7,2.0,17.8,6,234156
1886,2,1.0,2,1,2.0,33.8,10,317127
2840,1,3.0,1,5,0.0,24.1,8,445296
3139,2,3.0,2,30,2.0,29.1,6,469521
2183,4,3.0,1,9,2.0,7.8,9,383165
2101,1,3.0,1,43,0.0,38.6,9,328512
719,4,3.0,3,20,2.0,16.5,9,237257
1474,2,3.0,3,41,1.0,26.3,6,256643
1327,1,2.0,3,9,2.0,1.2,9,315071
1427,2,2.0,1,22,2.0,5.5,3,243369
1699,1,2.0,1,2,2.0,31.4,5,281233
1517,2,2.0,1,31,0.0,38.7,2,183284
612,4,1.0,2,19,1.0,13.1,8,200738
2249,4,2.0,2,9,1.0,2.0,4,379786
1156,2,3.0,1,28,2.0,14.8,6,256851
1944,1,2.0,3,40,0.0,1.2,6,362361
3044,3,2.0,3,45,0.0,8.1,5,433854
1248,4,3.0,3,33,1.0,30.2,1,197850
400,4,2.0,1,36,0.0,37.5,7,92948
1628,3,2.0,3,19,2.0,4.0,10,380077
2461,2,2.0,1,7,2.0,22.5,8,424770
2975,1,1.0,2,6,0.0,10.5,1,402335
1062,2,2.0,3,5,2.0,6.0,10,301914
2098,5,3.0,2,10,1.0,9.1,7,434670
1521,4,3.0,3,43,2.0,23.3,4,226631
1736,5,2.0,1,17,0.0,3.1,6,316167
3387,4,2.0,1,41,1.0,17.7,9,541561
898,4,2.0,1,28,2.0,5.8,5,228186
1952,5,3.0,1,24,1.0,11.3,8,383009
2081,5,3.0,3,20,0.0,8.0,5,408196
2451,2,1.0,2,45,2.0,35.4,2,326221
1859,5,1.0,1,2,2.0,28.5,4,367433
1985,2,1.0,3,17,1.0,34.8,2,300047
1565,2,3.0,2,23,2.0,15.6,7,321774
1961,2,1.0,1,46,2.0,12.9,7,322308
1594,4,2.0,2,37,2.0,15.5,3,270086
2173,4,2.0,1,9,2.0,1.2,7,421723
1578,5,3.0,2,26,0.0,29.1,1,252874
2026,4,1.0,2,11,2.0,14.3,1,296609
1782,5,2.0,1,6,1.0,12.9,9,387768
2476,4,3.0,3,16,0.0,24.1,6,406403
1769,1,1.0,2,0,1.0,17.7,5,316628
736,1,2.0,1,49,1.0,39.2,6,103935
2557,5,1.0,2,25,1.0,14.6,6,409015
1257,4,3.0,2,14,0.0,24.7,1,223832
1408,4,1.0,3,32,0.0,12.8,5,277845
1443,2,3.0,2,36,0.0,39.6,9,239171
2625,3,1.0,2,46,2.0,18.1,4,413417
519,5,2.0,1,30,1.0,25.5,3,167718
3683,3,3.0,1,34,0.0,5.5,1,468501
2434,3,3.0,3,0,1.0,29.5,2,355429
1934,5,3.0,2,7,0.0,11.1,3,354978
1767,4,1.0,2,11,0.0,18.2,4,316087
1971,5,1.0,2,18,0.0,35.4,7,387593
2113,3,2.0,3,24,1.0,38.8,6,334188
2187,4,3.0,2,31,2.0,17.3,8,395739
2133,1,3.0,1,11,0.0,33.5,9,328441
1854,5,1.0,3,12,0.0,2.6,6,330104
1682,5,1.0,1,27,,34.0,7,286181
1709,4,2.0,1,0,2.0,25.4,4,362494
1683,1,2.0,3,5,1.0,19.8,2,267467
2480,1,1.0,1,7,1.0,35.7,9,372533
2156,4,3.0,2,3,1.0,33.9,9,410502
400,2,2.0,3,4,1.0,12.2,4,106917
2194,5,1.0,1,24,0.0,31.8,3,322961
1917,5,1.0,2,21,2.0,4.4,10,429086
1789,3,3.0,2,27,0.0,33.0,6,271165
1567,4,1.0,1,38,2.0,27.2,3,276278
2474,3,1.0,2,22,1.0,4.0,1,389672
2369,3,2.0,3,3,2.0,27.5,4,418747
1336,1,1.0,1,3,0.0,23.4,1,165099
2044,5,1.0,2,46,0.0,24.0,2,285413
1217,3,2.0,2,20,1.0,12.0,3,259110
972,1,3.0,1,36,0.0,11.0,8,182281
1424,4,3.0,1,40,0.0,30.6,10,306623
2317,3,2.0,1,1,2.0,10.6,4,392730
2372,5,2.0,1,6,0.0,18.1,4,417525
2108,3,3.0,3,48,1.0,27.9,10,372263
2235,4,3.0,1,15,1.0,3.6,9,474510
2110,3,3.0,3,16,0.0,24.0,7,337490
1415,5,3.0,3,19,1.0,23.8,2,268270
2059,1,3.0,1,22,2.0,27.5,3,265219
2280,5,2.0,3,33,2.0,15.1,4,391750
2253,1,1.0,1,10,0.0,18.2,4,346152
2513,2,3.0,1,33,0.0,13.5,10,422474
2225,5,3.0,2,32,2.0,32.4,8,367969
2011,5,1.0,1,25,1.0,5.7,10,397181
2442,4,1.0,2,1,0.0,38.5,10,422787
1784,3,1.0,3,22,0.0,25.6,6,309031
1271,1,1.0,2,40,1.0,35.5,3,215514
1702,1,1.0,3,21,0.0,17.3,9,338190
1353,4,1.0,1,33,1.0,13.6,10,284557
